id_tienda,id_producto,semana,unidades_vendidas,q0.50,q0.57,q0.59,q0.64,q0.65,q0.66,q0.67,q0.68,q0.72,q0.74,q0.78,q0.79,q0.80,q0.81,q0.90,q0.98,q0.99
STORE_01,PROD_001,11,39,47.77813302266738,49.32746100240454,49.411882685346946,50.42184384424321,50.63688758249697,50.774898011439895,51.15435483495282,51.85819087090698,53.0561780984631,53.13050545390754,54.3352817562923,54.42060801511403,54.90150686733837,55.21599980744256,57.85467843543122,65.91691570509157,66.87392182828972
STORE_01,PROD_001,12,45,46.07489590615901,47.48166785721101,47.545393194492604,48.55788531281939,48.73239549943207,48.86979269308483,49.184979866175155,49.90921378108484,50.9655459952073,51.04896737412597,52.100622678662205,52.199259379539086,52.639186922217384,52.88275518463405,55.15918943314784,62.95386515926918,63.72905622809464
STORE_01,PROD_001,13,51,45.00189462203312,46.42536070227929,46.43014720115913,47.5440516871447,47.64469896547291,47.759189884502376,47.94510584362389,48.755670962306105,49.53875963734996,49.63255333264389,50.35330199017888,50.489206650279044,50.839036709534085,50.90293814251372,52.49099102464102,59.89403171793672,60.584190627899574
STORE_01,PROD_002,11,61,68.47535663008489,71.13667296456582,71.47130177391269,72.98253082696789,73.21866307851892,73.2598314806453,73.59635406357151,74.37648049041545,75.92436973162252,76.02599136476735,77.32636092721648,77.87278428101034,78.312503334663,78.36202728586262,80.54268902967898,90.95580420587387,93.08113516324865
STORE_01,PROD_002,12,49,66.38041426298298,68.9718320037562,69.21237644420307,70.60428651127843,70.9369566514718,70.94165611887051,71.43226045177775,72.08621929165012,73.85649261157943,73.95650339256093,75.5705557383243,76.06777904990622,76.64408694070931,76.79627418943309,79.58779213511295,89.98175174065582,92.03284662985028
STORE_01,PROD_002,13,69,59.3893134313093,61.58094384428837,61.719619541710536,62.91403253588703,63.232616242267866,63.30150059455631,63.8056938529929,64.34890490215828,66.1132862242929,66.18163625852539,67.89154018271654,68.32055705413123,68.92153891387603,69.20326479700188,72.01966381827505,81.70193957702797,83.29710885153065
STORE_01,PROD_003,11,45,65.09951260353901,67.40400242219201,67.85787487206082,69.34387034510986,69.38374102774871,69.77611540039725,69.9901598651096,70.58941320768476,71.3378523315106,71.35963521204155,73.10657714518396,73.30441530714086,74.18635134793797,74.63740854674273,77.48705548541619,87.80731249155828,89.58684005192079
STORE_01,PROD_003,12,67,60.944263205361736,62.99955913595809,63.29785775622831,64.57844080172488,64.700250880256,65.1545940134111,65.53350450043646,65.9412043831555,67.02396351758284,67.03968780816804,69.22574002504845,69.35324033432293,70.34742236425434,71.08760435653443,74.69877846429249,84.91543405924195,86.44197445172571
STORE_01,PROD_003,13,68,61.28546444097792,63.37228642135944,63.8772692687261,65.30452051025385,65.3650583887054,65.64724132037952,65.67783306630669,66.40370972647152,66.7891276166123,66.79368766523355,68.01696165137682,68.25901288389377,68.97210075159354,69.14881158755361,70.91748901318682,80.40757314846375,81.8993908069995
STORE_01,PROD_004,11,54,41.987208467055545,43.69331290835947,43.963563199250224,44.681608725733966,44.710596585228146,45.110041924027776,45.209552288504405,45.70011749818566,47.5442139684177,47.57934831168295,48.35719560836112,49.02548583664141,49.38792162111868,49.967602187605884,52.11374552251701,57.439325027704506,57.926873340363414
STORE_01,PROD_004,12,53,46.875325473457316,48.566981043860906,48.997421804971566,49.83879299801256,49.94225693271334,50.155240163054565,50.209234177494274,50.8327786052732,52.460955690252554,52.48512642378728,52.83294521862122,53.603554987449776,53.845235185664315,54.163750345633204,55.65506238528982,61.28304965016515,61.81034540510174
STORE_01,PROD_004,13,46,49.101973631219636,50.90269538398278,51.33075394761128,52.21887240333163,52.28349260065149,52.60711789773392,52.62062482043498,53.26096319081313,55.12062187773267,55.12948280567338,55.65174430578234,56.44321805678745,56.73117165992183,57.158244729320714,59.10359122922231,65.1267742726258,65.59467452127006
STORE_01,PROD_005,11,80,75.4583988303435,78.30358546952446,78.52703747791993,79.32135729698386,79.49364692875095,79.66210307581154,79.77578079485986,80.58451518523412,81.37428063296903,81.39961458978343,82.09080931144791,82.26196914099513,82.82465375442551,83.92018404012103,86.0818662351413,99.09091570417728,101.46744343043551
STORE_01,PROD_005,12,72,77.71982824381803,80.7673947789591,80.94607613546651,81.69983089854863,81.94840239974462,82.22157282620665,82.23049764618443,83.08103068042736,84.08167829646023,84.12115815861458,85.06672685638077,85.20962263373038,85.85473486313921,87.14007020890024,89.89093090075956,103.40344947099622,106.01002707516172
STORE_01,PROD_005,13,73,77.29406875691635,80.46896619917013,80.56619466084958,81.2284152170467,81.57918514621836,81.82971528478079,81.97657756397703,82.72334386454844,83.97331740024903,84.01895912476789,85.29262253479854,85.3929125794801,86.1329195829855,87.6305684543198,91.02432411129679,104.67784798648799,107.40774511969286
STORE_01,PROD_006,11,81,83.50447024059523,86.21757185179392,86.32460107321879,88.2965384887963,88.69054031049298,88.7813466236074,89.36781168907214,90.09229143726725,91.05169041244865,91.31755734058022,92.95659370307852,93.09725366817727,93.87132904598538,94.26041877188638,99.77671470639736,112.41766161505566,115.44462387574693
STORE_01,PROD_006,12,99,83.17614606505114,85.84415057788912,86.0051804273483,88.01667255422676,88.33837292009358,88.44933595444311,88.92215976973024,89.72207128051312,90.50638940241289,90.76289215525132,92.16468799082159,92.33396638864114,93.03885177684245,93.28977300347847,98.3034791218191,110.73973697276718,113.697476320083
STORE_01,PROD_006,13,80,88.42672550890697,90.99512797259777,91.31468628528496,93.56310206362475,93.72125573565336,93.91717361141784,94.13369948039552,95.15007439742396,95.56377104662852,95.83346088628589,96.73344321483803,96.97871466024709,97.47507366196731,97.5508862170955,101.70288285179534,114.59048406436402,117.54120094254364
STORE_01,PROD_007,11,63,78.29493924395746,80.67204249703589,81.0472665909555,82.3198296117366,82.37947042495719,82.43631735078635,82.67351033198618,83.02946784120822,84.27395357510795,85.14372885905989,85.64421464290417,86.16431657558726,86.55452171320235,87.10428179086324,89.0548507351319,103.76851731596263,106.3594565862945
STORE_01,PROD_007,12,66,70.80266487149672,72.95189323264184,73.1599544274468,74.19694346821225,74.32083948602083,74.6139095743728,74.68057094120795,75.01674689451092,76.51156962819506,77.30467371778667,78.25201777473391,78.67842131224072,79.18267968194166,79.98466170169661,82.55831930769631,96.41756921300748,98.67200734137322
STORE_01,PROD_007,13,83,70.6342531178725,72.733820249614,72.97255291573585,74.03987138870568,74.13526119925683,74.36293229927867,74.47902292157482,74.81354326849164,76.19679233280543,76.9780118956495,77.78892385512026,78.2293391988456,78.69421828758642,79.40900071157975,81.70294450426887,95.42958214790532,97.62371880797485
STORE_01,PROD_008,11,69,75.06878527758778,76.9293522151563,77.58315164748406,78.06789612840707,78.22726722235659,78.43214782265663,78.60882817156774,79.01064865884562,81.18701893667289,81.42953473786687,82.67896496760491,84.85300254352029,85.21158998544993,86.13112606333316,90.45161992557617,102.02835399496851,104.61230903063057
STORE_01,PROD_008,12,61,72.31056523382924,74.08078154170633,74.69978284376187,75.15638469425465,75.31716492020765,75.52342108752444,75.69000043051278,76.08501595179179,78.19093500210988,78.41549983514156,79.64278520791397,81.73971833551684,82.09555690812516,82.99302701469796,87.13408797692959,98.34870348852476,100.76858440816993
STORE_01,PROD_008,13,70,66.64955631811694,68.30330252937408,68.83413672340967,69.2267739794611,69.37509465894644,69.60925981601179,69.78610158566859,70.1381561151238,72.1688092914444,72.35968513657576,73.62492458070997,75.56376852645803,75.9366893366698,76.84146174880885,80.78821307779681,91.27804713215686,93.43056467438143
STORE_02,PROD_001,11,77,70.97580920984777,73.0047617034552,73.28213033131968,75.11236442409127,75.26873379813713,75.32334828972593,75.74850469556694,76.71473131880889,77.77151148203619,77.92127430672086,78.90330797026023,79.11084276820452,79.275426781164,79.70537212490902,83.46916934805616,95.25053130857948,96.25517651166003
STORE_02,PROD_001,12,67,71.33361111294286,73.38728825770939,73.73357671171918,75.63126181538625,75.70116558770374,75.78557854065511,76.07268637072436,77.13456099769296,77.97316390895391,78.12604484467316,78.82245830508162,79.0658240446581,79.15447514425759,79.41230973251346,82.61726499471561,94.20295786635228,95.22129368664393
STORE_02,PROD_001,13,71,70.61770161454069,72.77772525221835,73.02574520596762,74.82604863955972,75.0186562003119,75.06036546620211,75.54317734435095,76.46873018970842,77.61578124034382,77.76433425563015,78.86527940676686,79.05767622187803,79.25412136247445,79.75593591161578,83.74949871999947,95.484818654475,96.59980411999872
STORE_02,PROD_002,11,111,94.78404762882155,97.63888770018931,98.34779486534863,100.5038182466586,100.67934051477243,100.88168038581576,101.41203783411362,102.15612835159683,104.1548041999573,104.19678043349171,106.0416225114058,106.80989959374475,107.07979432846199,107.56681123491019,112.07826398751598,127.50720531620635,129.33942691217507
STORE_02,PROD_002,12,98,97.7082336415211,100.54697064324486,101.42807568453121,103.76617345799217,103.78802706627339,104.04923886853604,104.27061445704847,105.24985271932364,106.79119891449005,106.8294232326832,108.05166612414399,108.9068016804503,109.00249609148018,109.10445883968669,112.47321385332087,127.85979249976364,129.68405452051377
STORE_02,PROD_002,13,85,97.63075678908561,100.59372217830801,101.35106593721639,103.59153474158703,103.7400821049285,103.96942099431767,104.46527094553846,105.25317254234565,107.23941000480319,107.28860733646061,109.08521501865116,109.88356373977844,110.13087132332504,110.57332195858893,115.07259186338503,130.839992468481,132.78570299556205
STORE_02,PROD_003,11,110,105.92009067947856,109.13484800005125,110.2475103063837,112.79094960669111,112.85261374249998,113.23081696660844,113.77393221513213,114.3796070124809,115.22969659594195,115.2606258014389,117.84630606491943,118.18737485123404,119.06888535504164,120.28308981932452,126.35279165409167,143.638917496452,145.88155211243262
STORE_02,PROD_003,12,95,107.34841123119972,110.55621564911375,111.77320946907824,114.42225908931873,114.43623787015302,114.7504199650249,115.14568583822971,115.89888572934422,116.45066450068705,116.48499442448342,118.66527299333578,119.05956815257858,119.82908101804546,120.79635396248995,126.11612723219088,143.3005382581872,145.53692450409392
STORE_02,PROD_003,13,94,104.70876941742424,107.8751691572951,108.9469913748191,111.4358900945333,111.51726271957375,111.91030738954058,112.49088608234956,113.05122955734963,113.98014179422874,114.01181378715638,116.6969027704825,117.02036504853736,117.92941632401416,119.20751815172831,125.4408479944427,142.65264078577331,144.8476692874165
STORE_02,PROD_004,11,75,69.91412215916793,71.92538832912012,72.76730822733658,74.10746054326826,74.18689276918255,74.49085777096629,74.65708684673554,75.30720543760596,77.75043894885432,77.79936021863202,78.39667446735409,79.53269804693399,79.59364552330483,80.53798742164808,84.34469879866444,92.80890042827303,94.04881943788503
STORE_02,PROD_004,12,77,68.69953427843132,70.73804949193493,71.58214974721747,72.89948998020834,73.00057326934105,73.27140912915485,73.39459398647514,74.07287268621283,76.38686581899634,76.4410188589545,76.93195553279956,78.0576782573503,78.09537118885027,78.96365471070295,82.48657307345125,90.74113477824085,91.92606985518037
STORE_02,PROD_004,13,75,73.51420113378674,75.93760982674053,76.8279063286814,78.25441700041456,78.31388632860886,78.6431569935391,78.85050221315319,79.5002516151702,82.13899247326054,82.1754110878448,82.85490846719921,84.04555284631401,84.11283611194638,85.13675924228174,89.33063007217966,98.32294216169221,99.30829172896506
STORE_02,PROD_005,11,105,127.97226158446202,131.69129180716862,132.2338231151394,133.41971738060104,133.74437034808165,134.41813444068177,134.6746278169969,135.4380941065704,137.18537568120638,137.21733553110255,139.20426650400037,139.37894972455678,139.99332133704308,143.1747934944171,150.68840406161087,174.74852359285188,177.58729207959286
STORE_02,PROD_005,12,115,115.2732845199993,118.86410631633105,119.3548574917717,120.45172684577769,120.72936166685662,121.30739609028747,121.51102738414394,122.26564265404137,123.74335293360687,123.7984888166036,125.50081279278346,125.67841068744346,126.2253148528223,129.0439696903204,135.5144032932858,157.0530806346536,159.66665644598055
STORE_02,PROD_005,13,108,112.43544051199541,116.16110310260562,116.76001347552919,117.97279303448704,118.08542093430468,118.64003935614934,118.68772524853595,119.56665108981346,120.5961423530237,120.66314371117103,121.7889771171481,122.0313116979736,122.42300204172022,124.82008583211406,130.0425868598578,150.43522851532182,153.11873188754527
STORE_02,PROD_006,11,102,108.72872487392311,111.26548042802023,111.69884883328986,114.38570854741577,114.68575309685299,114.93369267553786,115.70565836576566,116.37197429469346,117.29365706824892,117.48509049008635,119.52137322189151,119.7462612451298,120.25822332771936,121.31301426504015,129.60561642688276,147.2557995878909,149.6724558041583
STORE_02,PROD_006,12,86,108.22979680364381,110.68691093897468,111.17205111363391,113.89327849965733,114.12051215839551,114.3879211890059,115.04092001287297,115.78644261391362,116.52984007550653,116.71352738688877,118.50212303969202,118.75546322154082,119.20067406136096,120.10445190872579,127.85268465140385,145.27664624253586,147.6046901541261
STORE_02,PROD_006,13,72,99.32787385977741,101.45227835694267,101.80484973625956,104.23634487480429,104.5527629779344,104.73424574773934,105.5029472728333,106.10606219548795,107.01858115923187,107.17294195053421,109.15859924246683,109.35849768349632,109.8698494237805,110.90320230934377,118.56753917683221,134.99295103452275,136.92123429562645
STORE_02,PROD_007,11,114,116.18096049538968,118.86575646577691,119.79959359127811,121.83840411144917,121.85582719140636,121.85663514253756,122.0776471719418,122.4329387477322,123.84762027562662,125.01792258400016,125.47698515571018,126.28635248312226,126.29619296445252,127.58416809820754,131.5885797021461,154.26706183433922,156.90963557927097
STORE_02,PROD_007,12,129,112.86058162134262,115.55253348063832,116.40105042506066,118.32688929454487,118.3826289937632,118.5014161201844,118.63718472582555,118.9864935362188,120.54419539202028,121.68829883656934,122.37604172144815,123.14939020120946,123.20794336793189,124.62519296024867,128.95482272142368,151.19686488008736,153.80798710422266
STORE_02,PROD_007,13,104,120.23060048644183,123.04417217678734,124.03414172118555,126.13556514325197,126.16070397594122,126.17425886575465,126.3816467312116,126.74523241237638,128.15610514603145,129.37237315466757,129.7680151123494,130.58512882338502,130.62053160515748,131.87962368290025,135.929051601219,159.26939279975073,162.07904970435143
STORE_02,PROD_008,11,129,98.34791560735866,100.13976231608943,101.31645640653488,101.99756423776743,102.3097970997287,102.32448582587398,102.62130676202119,102.94489473489845,105.37008917327115,105.55218572560771,106.91162043527284,109.78159367701043,109.82043463397332,111.3754255532982,117.73746729851293,133.63379556351703,135.88735147061035
STORE_02,PROD_008,12,122,109.9212293899642,111.37030393127351,112.88700705342178,113.74896481521883,113.96079580836067,113.9771025927442,114.22895538223833,114.62395583761948,116.59179109699475,116.8005793061001,117.37109180922,120.312187234187,120.60980805302343,121.48298756983596,126.81323894496032,144.08607980476393,146.2261797207713
STORE_02,PROD_008,13,113,113.70583474473133,115.27273036481844,116.74855071784837,117.60711466157134,117.87130429996792,118.00552232657117,118.08249342876407,118.56136388032519,121.00038030364082,121.23769388349804,122.3165390883606,125.47089184878203,125.65708815846915,127.00316850697475,133.5992178624858,151.79051690033597,154.15261471256136
STORE_03,PROD_001,11,92,90.43526756612209,92.78380226705127,93.22876399792258,95.58082025764264,95.69057151681739,95.88551199914237,96.27677628744144,97.48563592750726,98.7727284875591,98.88343119014095,99.92525251912191,100.1876804858962,100.31625743896535,100.68010356844549,105.34071900221169,120.00077219354291,121.52759733373722
STORE_03,PROD_001,12,111,93.01797370524994,95.5798766516542,95.9959417310719,98.37548826206344,98.54803462597485,98.74060581785484,99.24068113971629,100.40786618913091,101.90744061989665,102.01092907434962,103.29599375344142,103.53797922677369,103.72060614396212,104.21960137392088,109.48682969992811,124.6149727589405,126.35686562642016
STORE_03,PROD_001,13,96,96.31899345690476,98.85850712992722,99.45487529392533,102.02075332212024,102.05377975629878,102.29897348136447,102.47788548262878,103.89343127195889,104.91580451391032,105.02319291982027,105.65726200219598,105.98873468554228,105.989596355507,106.08846458592892,110.18439494702577,125.31458351077195,127.04676109680344
STORE_03,PROD_002,11,91,79.13235370273838,81.55904251840653,82.13698622387298,83.96634160253356,84.09907265220909,84.21640745640318,84.61295813495659,85.34918738128171,86.91462849792563,86.91578588449937,88.35644055100022,89.02362099625104,89.26156686906667,89.56798676609124,92.79868265271146,105.65997270853715,107.03979245568844
STORE_03,PROD_002,12,51,82.63128798934943,85.04137899115534,85.71516608193149,87.68176724978069,87.72931888729705,87.89544915069986,88.16491339004428,89.01328678725677,90.42476706711241,90.43134084393735,91.63459647061627,92.35508481393951,92.51930861043496,92.6653065643504,95.52563829862484,108.7539205202357,110.14432207241317
STORE_03,PROD_002,13,74,73.40121452544065,75.31192499281207,75.6027869514451,77.07432475848424,77.49745585413743,77.51762095753544,78.37554946858943,78.73370987600948,80.98620383027296,80.9879438844277,83.38487320161074,83.90351488719836,84.41441311755798,85.32256382695522,90.25949512706516,103.3514760685784,104.28021057415535
STORE_03,PROD_003,11,84,96.22927658810104,99.40943020285943,100.39692883109753,102.71448935702307,102.75018645716375,103.1262764226224,103.5830320871901,104.18773891426929,104.94347856237593,104.9812936029633,107.31615991319612,107.63441026192375,108.46959701057197,109.52737920558508,114.82612049789329,130.37640041264603,132.56592485986963
STORE_03,PROD_003,12,93,91.90818113712504,94.82763933726558,95.73501138883171,97.92214174557343,97.96695038876504,98.35824179614609,98.82852091116531,99.38013617739863,100.17744555346519,100.2234617206776,102.57797828502636,102.87120075353454,103.71129631752878,104.79937416181583,110.03702574063232,125.11384244297771,127.04676109680344
STORE_03,PROD_003,13,98,92.82714536608205,95.7291680513824,96.72095987460327,98.98221708969905,99.00209498299675,99.33137992463746,99.67497138295936,100.35016852060052,100.8927867745133,100.94235271103335,102.94819890006998,103.28560897995781,104.02929395246281,104.90639300320385,109.49228781868342,124.44187028903916,126.35686562642016
STORE_03,PROD_004,11,58,57.280247165268456,59.1122395247085,59.70823273665809,60.759554888345676,60.818165993470004,61.17568409285845,61.36278151422112,61.87944653399149,64.07375782101491,64.14687457585119,64.90123344658144,65.83021860399839,65.99361290756644,66.92606545457808,70.31627216029621,77.37428722920761,78.48285841695395
STORE_03,PROD_004,12,60,57.72872617139294,59.56011372389313,60.18479623014308,61.24963221780913,61.328240936919485,61.652385598722006,61.80048208195696,62.356707096617534,64.47206526825398,64.54594899883087,65.19363648006951,66.13699614778733,66.27091474702907,67.13812200299098,70.33264651656215,77.37428722920761,78.48285841695395
STORE_03,PROD_004,13,65,56.64173610883795,58.52081112381157,59.15746814430451,60.203954069484595,60.311050814569505,60.59075343006667,60.6828264683043,61.28027324199749,63.23947433625723,63.31906117834922,63.82448493332177,64.7624084799255,64.86281719885532,65.63268160272264,68.4786183071196,75.30460081805778,76.34219424878393
STORE_03,PROD_005,11,143,131.06120485813327,135.4319096342119,136.05329038450284,137.34871712473964,137.593111313558,138.3240124054824,138.42447102206376,139.32502474073735,140.92337413357706,140.93468477731278,142.6641968639758,142.87714977891292,143.44841778511085,146.44634720744185,153.48639725904903,177.36717356967435,180.85860778669888
STORE_03,PROD_005,12,153,135.72678667595602,140.10857730478637,140.89581281393095,142.39012348592928,142.4600259587199,143.10331669948906,143.2807794490847,144.22240905037503,145.4355896987034,145.4467691988492,146.641392451799,146.93251443195294,147.35455511397538,150.0569895259129,156.20445159527068,180.4375887774507,183.96313740342364
STORE_03,PROD_005,13,152,139.2688915202874,143.5909137775352,144.4674992607324,146.0557365882456,146.07132999792032,146.61496086295216,146.93067361411778,147.84709852634327,148.88565207119223,148.8946551591065,149.83884661698735,150.16980563488906,150.5212208709396,153.10214771528288,158.87884098144977,183.56783184007762,187.06766702014838
STORE_03,PROD_006,11,140,141.6483526849637,145.32460741679793,146.01509934097382,149.57261398559223,149.83445379295037,150.3104160771308,151.094262507979,151.9903416974214,152.98142183614613,153.32153830717672,155.54559529026093,155.84974227430232,156.4050631014645,157.49127265128527,167.9199058995853,189.99837120690708,193.96662172398112
STORE_03,PROD_006,12,129,142.3958176951712,146.07106441543894,146.80937183011548,150.42273889134137,150.62895630272297,151.12721162623654,151.82376345420542,152.7857759684648,153.64654587444562,153.98538405257517,156.03293367940768,156.36103818061721,156.86723283390216,157.84470023197343,167.94719649336184,189.99837120690708,193.96662172398112
STORE_03,PROD_006,13,141,136.4973349782737,140.00792018405818,140.65499131285242,144.0742955748069,144.34495919112823,144.78481564912568,145.56785389998532,146.42864087463988,147.41489865850042,147.73427074665028,149.9324930187222,150.2231172219076,150.77720555919657,151.85454907958143,161.9485472795862,183.3196560652245,187.06766702014838
STORE_03,PROD_007,11,173,147.16576582036674,150.5547590815639,151.59799687076736,153.97679932464513,154.23393577249212,154.50065004848398,154.5554043222732,154.93314869179426,157.35781166492072,158.96999785664963,160.23637916471003,161.16093049583003,161.3446391755496,163.406269940084,170.28770507922363,199.4160689712262,203.28021057415535
STORE_03,PROD_007,12,151,158.68739800834842,162.13251482917624,163.50693500491906,166.2472043080753,166.31615903925092,166.41066253896147,166.5452270813337,166.99862395952817,168.8079240445211,170.50403731262728,170.82229881052834,171.82947072219844,171.92301416386226,173.37352564117137,178.81358031073154,209.24678253154866,213.28369489471282
STORE_03,PROD_007,13,180,150.57928609321038,154.02892304699182,155.19562999671223,157.72917227340434,157.91671128496372,158.04166035265223,158.13123299634412,158.5696242652316,160.7271241224486,162.35840488666213,163.23524713002735,164.2241304131728,164.29619440875294,166.1339002172488,172.37051881357735,201.7493598737515,205.6948447204968
STORE_03,PROD_008,11,140,126.56896326113713,128.78313828095364,130.30090322952918,131.23570036179183,131.517072920039,131.5637675065558,132.07068483358157,132.33983307846765,135.6287915489619,135.95814224008396,137.79755828762677,141.47525894617988,141.49782329687844,143.56251221075036,152.40310647759614,172.6982068784142,176.02933949401597
STORE_03,PROD_008,12,144,128.94816713392322,131.18904203332266,132.88631687265953,133.90424061248672,134.14574943942944,134.31535843495192,134.39663479670443,134.92286853808454,137.69141193310477,138.0135083681958,139.1594436908164,142.72590439140245,142.93900007978573,144.38189758220292,151.9129497432004,171.99440181708323,175.3394440236327
STORE_03,PROD_008,13,127,133.03803135045519,135.23127037197108,136.98430938883646,138.0399397390265,138.27837228134572,138.45297137502152,138.5494646139851,139.07613411770387,141.9423188549055,142.282566599733,143.46931820667817,147.14043648167737,147.36201809355256,148.85375512805356,156.68567014419543,177.46186058520985,180.85860778669888
STORE_04,PROD_001,11,73,70.0990906231109,72.15341320135168,72.42163156309637,74.23479614321944,74.3780133711957,74.43630343819332,74.79434627287321,75.8110684883371,76.83086624188923,76.95370964143864,77.8370869640959,78.04856995194713,78.23918999833681,78.52117330825489,81.88966733267524,93.29924703551173,94.4553570375379
STORE_04,PROD_001,12,77,68.8858070574307,70.97391262551962,71.25634354148369,73.05957935988673,73.1739183385249,73.23389542711949,73.54281833508684,74.5790348690856,75.50281130403334,75.62921441237255,76.40260695188952,76.62368196981203,76.78887393956586,77.01075719729197,80.11082127322103,91.21657442847791,92.3818291041528
STORE_04,PROD_001,13,71,72.99818461592108,75.33598882185322,75.64349867121322,77.55119761718659,77.67134102778144,77.75700537560651,78.08579878532431,79.1568902940575,80.17288948000291,80.29095374706904,81.13299611830821,81.35963565782518,81.52973474041507,81.77328720529408,85.18818225316932,96.83117090146945,98.25682491541056
STORE_04,PROD_002,11,84,85.47969488077732,87.70047811553569,88.4254180758485,90.48095489072077,90.48423259311355,90.68364778445411,90.84469515010342,91.7992068339114,93.11558914398117,93.1492299667713,94.1596559866203,94.91399183679,95.0222841205538,95.06342170947089,97.50100608355139,111.05996626090129,112.42593246020871
STORE_04,PROD_002,12,95,82.5932601012355,84.79671113183241,85.378364878284,87.26123699362488,87.41594959409026,87.5503775766894,87.9574782479084,88.72063910871617,90.39201559642277,90.42661795647713,91.92791414871662,92.60865305661788,92.89685459312015,93.16338662740081,96.52698221311692,110.04859456722811,111.38916849351617
STORE_04,PROD_002,13,76,91.63351074546034,94.6331337114644,95.31800502611645,97.42716933391537,97.56899424577962,97.7695583635744,98.17985377963502,99.00852842048002,100.83643948348788,100.90366747690568,102.49335420722133,103.24806713898158,103.5343423392811,103.79050923500569,107.5902306183842,122.07031080163138,124.17592408272426
STORE_04,PROD_003,11,92,96.64712700592892,99.40353578166635,100.24265274207066,102.42406772577998,102.58789406069097,103.03224994086801,103.69395160923379,104.12420954138244,105.37287296866421,105.37375516727889,108.32913918608773,108.57112842440583,109.6230371608061,110.96296930233817,117.31111557969635,133.58388773911773,135.58032771634228
STORE_04,PROD_003,12,97,98.94606750138806,101.71508070712132,102.68882807685827,105.02985179289287,105.1027598069438,105.48570150571378,105.97023418858693,106.58269615845397,107.4720272665206,107.47579236996374,109.94781434841643,110.2563281844064,111.1748187400941,112.21773966534406,117.68491327197233,133.9138773679421,135.9259157052398
STORE_04,PROD_003,13,58,97.98356576167964,100.689815071682,101.70540164447208,104.0765020505194,104.09684968599552,104.44944771562662,104.83029569545933,105.52796516429753,106.2127833259934,106.2233972446926,108.40213135582091,108.73905431217071,109.57533784483199,110.44978214940042,115.33313162813617,131.22305545081542,133.16121179405968
STORE_04,PROD_004,11,57,56.01458811777936,57.79504067099057,58.40153740041627,59.43297664699731,59.52838192725801,59.82199312998025,59.910501723951796,60.51139547069162,62.48927931185868,62.55531776297199,63.084961835950054,64.00518966966709,64.14017800035438,64.87068983926248,67.64091905142638,74.41125368148197,75.43771940224732
STORE_04,PROD_004,12,49,56.969808224652425,58.83685359632126,59.43091369335042,60.48078818549334,60.54736325692464,60.88579335623242,61.030283222879504,61.59020524018283,63.72544414629233,63.78534812038169,64.45791396274288,65.38343145661123,65.55278986894153,66.37971665045254,69.49766846683829,76.48478161486706,77.46927240524114
STORE_04,PROD_004,13,45,55.96735178080443,57.8659216859601,58.38459192548891,59.40300359994722,59.41366862305374,59.84485621228979,60.09834535515364,60.55034098616481,62.91357480908699,62.97049632122412,63.93948712051666,64.8291513647524,65.07956492396828,66.08929882859567,69.76528112561621,76.83036960376458,77.79502935212719
STORE_04,PROD_005,11,106,129.13873628383575,132.23972700012752,132.7212925092473,133.87342696820184,134.25008848300072,134.92039774964076,135.17995005173037,135.97393310811702,137.8624678203207,137.88729111087363,139.9469007500915,140.10158546490896,140.83121132341435,143.90233269967703,151.33438447329763,175.8293619054089,178.43323833963424
STORE_04,PROD_005,12,144,125.8891847119796,128.83074250970137,129.2435523275523,130.30917877292794,130.7455981380582,131.3696324798728,131.72849176118717,132.43747737868293,134.4401008156522,134.46099154562802,136.69107237527615,136.81664471599424,137.59274222628187,140.7327567434913,148.37528618149952,172.53433383002115,174.9773584506591
STORE_04,PROD_005,13,147,140.1144562194377,143.58389419903517,144.32833046120913,145.8067262755299,145.9402911624862,146.6381517364898,146.77723745699137,147.76419751124783,149.16353453462452,149.1992193383494,150.5468006367318,150.8166495291121,151.35112204626031,154.09558284776844,160.53597139539943,186.14693799930583,189.14646599545725
STORE_04,PROD_006,11,172,166.4057898409174,170.1320516466896,171.0659888109928,175.31490453836162,175.4552844807318,176.13265947624419,176.72362313687952,177.946402723477,178.7498858709715,179.22335865275522,181.18783627448107,181.58783180971702,182.13217165893982,182.91178058081857,193.95449034630283,219.45245806004863,224.05085287410637
STORE_04,PROD_006,12,186,171.43792046261692,175.44721954893075,176.36255888875687,180.69587159629182,180.90726661923318,181.59572795982413,182.31333564500613,183.484522019997,184.4845052167073,184.98643746176074,187.23699404013658,187.61813224382647,188.23813357660475,189.18125879435897,201.09170705914104,227.405567825231,232.34496460764674
STORE_04,PROD_006,13,187,182.48887564287358,187.28177363256765,188.29690033425425,192.94132760526145,193.127174233849,193.89838105055003,194.60374455933882,195.86495668920523,196.8603213244615,197.41085003205328,199.69166410011593,200.10531157737555,200.7264723431493,201.66489941177662,214.25301802858536,241.76540828872083,247.55083611913744
STORE_04,PROD_007,11,93,107.35869535855937,110.20010711351915,110.99180679645788,112.84449239845864,112.88321425904839,112.90990607531289,113.125396793096,113.48474802885423,114.89607636068784,116.00731764564674,116.50724614732708,117.25256897677156,117.35712535668108,118.48511933022438,122.06031469566422,142.74425903254493,145.60237939437025
STORE_04,PROD_007,12,97,102.42077973468261,105.01955843073802,105.62198222686065,107.23808143877511,107.38518057691572,107.70823557831838,107.71756833372454,108.05855613124125,109.8874998488728,110.9711094571678,112.07757521418525,112.72439435172144,113.00104551833843,114.48154798825615,119.07253384794052,139.53710018705348,142.1464995053951
STORE_04,PROD_007,13,78,101.13500594943099,103.6414754102556,104.28393906644644,105.93286116035611,106.03085067906157,106.25426852969113,106.32860152801798,106.67489421598057,108.30632675675699,109.35944336728997,110.23516028660332,110.89873917696194,111.11412048655585,112.43341513551273,116.50360969760605,136.54292160449756,139.03620760531743
STORE_04,PROD_008,11,168,175.84131621115057,179.26193636691946,181.43768123051208,182.85925127470165,183.14130013911623,183.14185607893606,183.85625351279327,184.19674226046232,188.70733938298162,189.31073561543994,191.58255997356358,196.61983040299197,196.6716764908039,199.24282857794333,211.50560621745197,238.7434167937276,244.4405442190598
STORE_04,PROD_008,12,200,170.81927551224308,174.20078319277854,176.30836322830558,177.68251606595527,177.9638692127936,177.96829472806473,178.65812995694222,178.9972405697009,183.38323060763722,183.96249981789546,186.18254822858609,191.08661755543693,191.1307235766543,193.6410519425577,205.5306350296436,231.98471387557277,237.52878444110948
STORE_04,PROD_008,13,176,182.7985355580327,186.097356673656,188.54453225536915,190.1039080186391,190.27764057771958,190.54564084423708,190.7001633186718,191.3547311469134,195.327349268878,195.94035617448654,197.40742495624602,202.41172498298175,202.70195143999698,204.56276439921282,215.51896780996609,243.2541654394662,248.9331880747275
STORE_05,PROD_001,11,75,60.90832486711528,62.92175599173595,63.107363051231026,64.68551966518152,64.82530629602472,64.83466931403022,65.0907685447019,66.09937407013447,66.96776307475801,67.0587849881271,67.75069051729835,67.9470525921591,68.19842973484187,68.25026894587945,70.58548617810644,80.18887335717955,81.43840813876713
STORE_05,PROD_001,12,62,66.22341016808784,68.27434744321279,68.5279149538694,70.26759065482743,70.363909935863,70.42140317664906,70.61528759647983,71.72590041223371,72.57732279921407,72.65685119959657,73.25794790827558,73.481713785461,73.66202117071518,73.69921415272597,76.01201263525726,86.33599700891008,87.69356563903985
STORE_05,PROD_001,13,56,65.86273335473419,68.11532318182296,68.23652266973815,69.85808641512301,70.12420302034204,70.12729113752015,70.59032618010029,71.52210226495245,72.81338492017314,72.88345889669812,74.04866733672203,74.20315712323558,74.57263013705301,74.86559060741345,78.3310141529284,88.9181617482565,90.47363563916105
STORE_05,PROD_002,11,66,58.37818511129746,60.53796002691541,60.80223165209199,62.084859596061584,62.28630002154574,62.32330147153561,62.69589613034458,63.31710784234469,64.70662973788394,64.71117586410348,66.0423363872715,66.51874948866117,66.91961771643064,67.11653629759523,69.33592645980819,78.76490569280111,80.04837313870652
STORE_05,PROD_002,12,52,60.568908864096905,62.699035499851334,63.05808467115823,64.4604171007761,64.59705634478874,64.60597476546197,64.85680091422576,65.60380516880326,66.76979305253495,66.77530298265454,67.79244070609604,68.31827354114182,68.62738582644259,68.63078658096381,70.28674154542016,79.81851942012413,81.09089938875198
STORE_05,PROD_002,13,58,56.83779830647216,58.82719196857953,59.05463359280714,60.279246849435204,60.48939083941988,60.54644970753763,60.94245722098279,61.52104578489036,62.952706554861116,62.95300511049096,64.36008644173572,64.81482569719118,65.23849959771748,65.49380362059301,67.82037082135555,77.18823452847477,78.31082938863078
STORE_05,PROD_003,11,140,109.1795306117007,113.07279811241956,114.18228428177103,116.8229650167642,116.90503829287043,117.23161129283325,117.58541013128603,118.46019489775307,119.23215382858058,119.33982958904701,121.55526971282903,121.91856851235246,122.94773110004957,123.56516564560546,128.5051899868131,145.01336170041935,148.50759689169124
STORE_05,PROD_003,12,124,120.25729854202405,124.0814302456605,125.45606822494861,128.47733207118048,128.48617243621652,128.72073846463934,128.89058697348003,130.03512880591688,130.41115607286923,130.54136864781202,132.2823241440827,132.7500522447093,133.66984534613934,133.9459120264585,138.20692932041214,156.06132139979192,159.62787689217606
STORE_05,PROD_003,13,112,119.58230322582938,123.47453178508603,124.70028800960556,127.57641221520848,127.69482554478218,128.01775896361414,128.43412692600978,129.3494080632625,130.21284846159378,130.35444755821024,132.77106500073575,133.15709159938146,134.27061011169224,134.950674508575,140.50955648181736,158.7565669405833,162.40794689229725
STORE_05,PROD_004,11,41,40.85032136603143,42.278430559390294,42.64606389779375,43.34223444881558,43.47451064150157,43.68688747610301,43.72455153705841,44.27158734272663,45.64910823833267,45.7342270205614,46.084271345022515,46.77449580562403,46.96620414005318,47.38896074517409,48.79426772835615,53.637708137555066,54.49329974021298
STORE_05,PROD_004,12,37,41.28047260714029,42.80453721092286,43.138337498045104,43.839572950075045,43.931414811832454,44.245704031700114,44.2849196634914,44.80533261132698,46.378385675267026,46.45671744284987,47.010474985860775,47.69356116950298,47.93898728977178,48.49051624414891,50.33562631236045,55.37525188763082,56.171376568383614
STORE_05,PROD_004,13,32,39.63635067690838,41.08409936156462,41.3752279151671,42.035361570246394,42.11431079230296,42.45334752142224,42.519685962140784,42.99889250905718,44.586955045695156,44.67002855928224,45.30452992238769,45.956422355520175,46.22673256815288,46.823476616073,48.75060277831364,53.637708137555066,54.478417151923075
STORE_05,PROD_005,11,115,125.66607882919615,130.29813829510627,130.69129475194367,131.80407634269025,132.2163879172074,132.87300365937384,133.0432544231661,133.9538879867537,135.86267397742444,135.98899729483392,137.89017068939114,138.02914964542913,138.91627697880315,141.571125936315,148.24778428573205,170.55371274765324,174.91826189284268
STORE_05,PROD_005,12,115,122.38317802932895,126.80803951710892,127.20672240229588,128.31454478755268,128.69129748931698,129.32780553646822,129.45502492948646,130.38134042736425,132.1688273277201,132.28320431856537,134.05006823295278,134.1991836228325,135.04148934136666,137.56740459763768,143.84876710957303,165.56984437192736,169.70563064261543
STORE_05,PROD_005,13,137,121.14087805935466,125.47171656580127,125.87643526156808,126.98674215795758,127.34482151894261,127.97506993123444,128.07809320771273,129.01595614529197,130.74449859090234,130.85399478768983,132.55301432150915,132.70810088629904,133.52854786498708,135.9941902686218,142.0913434866115,163.5854306147291,167.62057814252452
STORE_05,PROD_006,11,154,127.14191563518713,130.46689541815775,131.11522482237783,134.38834204598862,134.49008160531613,134.94632333838382,135.22709324855984,136.44882297793006,136.93101407530264,137.32782830490208,138.52341456494713,138.86527213220353,139.41867143539884,139.54683019025072,146.57723715438323,165.30035453468398,169.35812189260028
STORE_05,PROD_006,12,154,134.75235884932968,137.97569591173968,138.72319638051195,142.22623091107175,142.2620369116243,142.787355480265,142.97298647065182,144.3155252857409,144.6731801049568,145.10170811611346,146.13920763318347,146.52188092934853,147.03711874247222,147.04127850899917,154.11680851535925,173.93186458302304,178.04584064297904
STORE_05,PROD_006,13,143,143.90017307901758,147.5526770627779,148.25692088906112,151.9056411805046,152.07678481477137,152.6212210686998,153.0335945811256,154.28907119506948,155.01527097668662,155.50406321797513,157.05899443428572,157.40473276739766,158.07402506717708,158.35120147640896,166.9628277208692,188.283135143451,192.9887168936305
STORE_05,PROD_007,11,120,135.00858713358818,138.8261975745116,139.73060502147555,141.95964402025362,142.18193998441973,142.20918856649146,142.4034975968118,142.88139574445157,144.92402197315047,146.50088527893584,147.1928883052513,148.0574726826477,148.39334968629328,149.58427150240536,154.31390845338046,179.58027940052474,184.30099814325175
STORE_05,PROD_007,12,109,131.42802560569265,135.17818788560865,135.89262237035635,137.89468418527602,138.24230225702658,138.55049011861996,138.60569576666848,139.0227583439394,141.5543879069754,143.12589388162115,144.49373866563016,145.26191057882747,145.78567900334485,147.38822325750544,153.3370787275349,178.61342847395088,183.2584718932063
STORE_05,PROD_007,13,114,126.19324343015697,129.56289232256572,130.17986672692928,132.0376481207415,132.4106188631729,132.7525999625117,132.88785959546595,133.21140104961253,135.8362875448532,137.3477827474192,138.92281771130283,139.634788713571,140.2149550727957,141.9166550471082,148.07103531679067,172.77422187996063,177.0033143929336
STORE_05,PROD_008,11,168,144.46378969232347,147.44341324192968,149.1554131529823,150.34089877913507,150.5949458141555,150.61136973443936,150.94043981117346,151.53140683411792,155.03784841630605,155.59656467847338,157.07596098252222,161.2257286575825,161.33463041375248,162.91081357596292,171.43853909240806,193.0905029217977,198.20134814385779
STORE_05,PROD_008,12,162,155.60903252778573,159.01335300803385,160.90261492605194,162.21102358336714,162.438847819555,162.50515862384037,162.78218779395925,163.43753676937206,167.11760225980424,167.7363794291761,169.18193633596803,173.65194250364146,173.72094019745637,175.33215462044348,184.3664300792477,207.3774090139108,213.14422439450925
STORE_05,PROD_008,13,179,156.21344188638687,159.6365344094615,161.47392259348922,162.76431467091476,163.00602964868736,163.02550902486442,163.47824517031887,164.0327549430704,167.96109695105878,168.59180971147825,170.32986797369048,174.8115567855938,174.9570017302692,176.7575161309877,186.42489379551975,209.74616990835733,215.5767856446153
STORE_06,PROD_001,11,54,60.558271863150466,62.6183067614487,62.72338516242291,64.22573007360455,64.44257462973404,64.46710208533246,64.85943755264421,65.75884471518081,66.886640411618,66.97255162518803,67.99984871477756,68.15438548915192,68.4964868072741,68.74602539002214,71.73679975880904,81.5249707850162,82.82844313882774
STORE_06,PROD_001,12,62,59.15369058640856,61.13025919499743,61.20110907729105,62.6452198913836,62.87435999617644,62.91850027257046,63.33996627375855,64.19033181963029,65.37453328580172,65.46248729620837,66.58107838334612,66.71994241700332,67.08922237699143,67.40204275222783,70.51998875304268,80.22130385763461,81.43840813876713
STORE_06,PROD_001,13,48,60.98893771795099,62.99275186847693,63.1370886302816,64.68072743379845,64.86731652045039,64.87445414191457,65.20907067914919,66.16215076233661,67.17245937556238,67.26015958124258,68.13249452106645,68.30707062742968,68.60684043214111,68.76345731126173,71.45988760114402,81.22740980249722,82.48093438881259
STORE_06,PROD_002,11,95,80.77510401930562,83.5613326448482,83.90348843325695,85.56498057162956,85.98320231168915,86.03792689213047,86.76169073775156,87.3335843385365,89.62319023980838,89.73757659211314,91.92816214038727,92.50543215778077,93.11493191684345,93.6218967341812,98.07545050399932,111.23151133075265,113.409213140161
STORE_06,PROD_002,12,69,85.85743897535744,88.63237380477649,89.24115842682744,91.22609030144636,91.34541617135967,91.52676016139561,91.78276655852389,92.71578796887528,94.32510517168818,94.43702693668335,95.69116050698383,96.40459888627872,96.67308367599634,96.75218828470489,99.42325635989319,112.61057620615304,114.79924814022161
STORE_06,PROD_002,13,83,79.09066717057505,81.63271052545852,81.99683729297055,83.65400488987507,84.01850380323843,84.07769962609025,84.71381481148076,85.33232876571466,87.44618906162134,87.54832946442532,89.53833902760921,90.12017638747062,90.67703514429247,91.08328654155314,95.09892041464717,107.99677168013001,109.9341256400095
STORE_06,PROD_003,11,72,68.30104589475016,70.64354411554086,71.2215243543734,72.83128042031792,72.84533128961192,73.20464566230898,73.4039845002309,74.02219287184008,74.5941468307955,74.61946280681899,76.2658427791371,76.50406017725565,77.26914091673528,77.79529792330374,80.7482618081952,91.66903215936723,93.25370563928226
STORE_06,PROD_003,12,62,68.6054999285399,70.94456013041268,71.5693239060375,73.19026616173866,73.24279632601373,73.5392910395198,73.66399970134374,74.35270991171235,74.77364625227561,74.80206451729775,76.24112524280321,76.50455951985062,77.2113836718346,77.61479281891226,80.1780631365992,90.98383774675081,92.55868813925196
STORE_06,PROD_003,13,61,64.28903419417017,66.55627973863069,67.07870483415005,68.58091131357457,68.60025736375802,68.96121465832299,69.1533404656529,69.73987936701319,70.29770365600967,70.33542130986417,71.9380849488854,72.16179004304107,72.90751885425985,73.43737520451813,76.23980172412446,86.57798753377568,88.041074389055
STORE_06,PROD_004,11,49,44.3288172324242,45.723610361087374,46.09582249297236,46.86135514873541,46.94289876412836,47.26726544297521,47.32221270884016,47.8567970819102,49.54947199566294,49.61588910227126,50.1982415940913,50.922163308939865,51.16983078770563,51.748027432317606,53.79102099848264,59.19784813779748,60.14218946111675
STORE_06,PROD_004,12,56,46.160286484464045,47.59333961017382,48.017786573678684,48.8289256383852,48.930027764807676,49.218522455207605,49.233346599436054,49.82232403838869,51.47367177431451,51.535602793498775,52.00165433539373,52.76156130418566,52.97451945581206,53.48575257653115,55.38150265128476,60.93539188787323,61.86640091518885
STORE_06,PROD_004,13,34,47.43606538459623,48.86303385836037,49.35530637678995,50.202594395242045,50.3476034518425,50.49097451302691,50.56217686938122,51.169950554936484,52.65512662452296,52.71769437770365,52.947142950630315,53.74299599081271,53.89006086835855,54.257410702199664,55.73234769437706,61.28290063788838,62.22158536638954
STORE_06,PROD_005,11,88,100.42673529731562,104.08324969863257,104.49243767019618,105.53947788368275,105.7175774457366,106.11101567789906,106.21380386433727,107.10341022632937,108.18234426969661,108.2209294828393,109.21999654939086,109.42152720693035,110.0025202009055,111.75980568814492,115.68086607339131,133.21307310326208,136.34479064116096
STORE_06,PROD_005,12,87,94.15312369963215,97.60975614148646,97.86390981055749,98.71692077246644,99.04235316116119,99.44058900606085,99.58350572645844,100.37125805136826,101.75229964416813,101.78165779525746,103.22392559937231,103.35612752401856,104.05204164772101,106.03002579878917,110.60325300407143,127.538648229348,130.43714189090338
STORE_06,PROD_005,13,96,93.39918812014187,96.7923032661044,97.03991174236525,97.88299447651906,98.2102146740195,98.60086209362282,98.7491396763263,99.52947905612344,100.90711046809936,100.93428388074,102.37793096582115,102.50832697448884,103.20313696304369,105.17273311814358,109.71908307383538,126.56023477068092,129.39461564085792
STORE_06,PROD_006,11,87,104.45638983831824,107.2771988925889,107.69243547076307,110.31910738680027,110.52986903946676,110.80251973168937,111.22704130442261,112.17963668288213,112.81906864387848,113.10939712125702,114.48320171540684,114.73737378494305,115.32122751233806,115.64644808032261,121.9000593551831,137.6788748654473,140.8624043913579
STORE_06,PROD_006,12,100,96.65713782577288,99.24222867683511,99.4787715003662,101.79632636573477,102.1714595712303,102.34069835694375,103.01584945979681,103.73606832577357,104.73424537655424,104.99910982218917,106.84951281531026,107.02196027058133,107.73332535369263,108.37558002554817,115.21305694222342,130.3531882242874,133.2172118910246
STORE_06,PROD_006,13,77,97.03421773138487,99.62397343010957,99.99187830795208,102.43093316984461,102.63941643798722,102.8635049446409,103.27477850665248,104.18059693361899,104.77997168771174,105.03170211573604,106.33895291528448,106.57970258359674,107.13826097726471,107.45334148482887,113.19280005723854,127.95324078366065,130.78465064091853
STORE_06,PROD_007,11,185,155.55098364847282,159.76878688423287,160.84920916176745,163.41913259171167,163.69869979435197,163.70798789302302,163.8992403491825,164.43198163940417,166.76091208772738,168.61136431124606,169.33173943173907,170.31726743204953,170.66667659429135,172.0016974480255,177.57178308571193,206.60259871659233,212.10169814446382
STORE_06,PROD_007,12,196,163.94164208058652,168.05848816979938,169.34940903853794,172.08132358972108,172.2024153793522,172.39658797935738,172.50393311421354,173.0549149393533,175.02082735907123,176.9421831220321,177.07200063073074,178.17200411054256,178.35859688695453,179.364609081604,184.0602137225056,214.2051226336858,219.74689064479713
STORE_06,PROD_007,13,199,179.5598510807662,184.48941807370898,185.85674535965708,188.91230157291085,188.99548033790805,189.2117117123906,189.32678144231167,189.92231073387663,192.32151363315467,194.47389837967523,194.88959094128134,196.05530779228891,196.32618611973294,197.6143633537389,203.498157195325,236.44328397422177,243.02997689581224
STORE_06,PROD_008,11,119,120.14552242008475,122.9876996249385,124.3133405965539,125.23431712893638,125.44456220547595,125.55040360204347,125.92126698539106,126.35632108729763,129.5411842850649,129.97460191452583,131.58147141088625,135.05328378194397,135.2614717430317,136.799232305806,144.37140423171772,162.5675524050483,166.92556064249422
STORE_06,PROD_008,12,118,119.79271718794337,122.62141825381075,123.93670971952454,124.85189434104745,125.05724852264814,125.17149392622659,125.55087272302703,125.97584290466747,129.17363897208872,129.6058263116204,131.23646977524282,134.6977146907481,134.9132284805816,136.4643361314726,144.06720148027614,162.23837882750902,166.57805189247907
STORE_06,PROD_008,13,117,119.44230899102675,122.25513688268298,123.56007884249517,124.46947155315851,124.6699348398203,124.79258425040969,125.18047846066298,125.5953647220373,128.80609365911255,129.23705070871495,130.8914681395994,134.34214559955223,134.56498521813148,136.12943995713925,143.76299872883453,161.91118421130003,166.23054314246392
STORE_07,PROD_001,11,32,30.672332015199654,31.912993237280308,32.05525766708956,32.63437159477806,32.68067022040367,32.89465535518041,32.96959854972996,33.6468328680285,34.30709538182628,34.39286400305658,35.05247800315876,35.14410419945232,35.56306023567796,35.57635460366201,36.26342183120569,41.23493636003174,41.88161200253426
STORE_07,PROD_001,12,25,31.12081102132414,32.3895567307653,32.50313186627418,33.144446538227534,33.17074754986711,33.37135686104398,33.4072991174658,34.12409343065454,34.705402829065356,34.79193842603626,35.34488103664682,35.45088174324127,35.77511678409087,35.85365644312463,36.279796187471625,41.23493636003174,41.88161200253426
STORE_07,PROD_001,13,22,28.872804623326296,29.927830137831055,30.097921027002357,30.586639814238115,30.634799283080227,30.868957092776473,30.96199609977906,31.58966604184393,32.27052091811067,32.36396302409033,33.08315235124197,33.162243822473414,33.607439807285616,33.6543864075056,34.4232701033577,39.289410771064105,39.76006504120829
STORE_07,PROD_002,11,48,46.146675187190034,48.03459817873757,48.13528142391343,49.13948516885351,49.27062595149816,49.364698107647804,49.470085180844144,50.21000533464585,51.25604428044201,51.319093928477685,52.1635158877298,52.546142376922795,52.77734097013299,53.05654717487208,53.35448013687212,60.24699541703015,61.682716974909944
STORE_07,PROD_002,12,51,46.55713147046715,48.493504673669186,48.561433963077754,49.54116479603113,49.70883828739396,49.81472743817481,49.98171907508816,50.67556394536624,51.85409290874275,51.92533536701119,52.92908658190203,53.298417240456274,53.65999084751885,53.856941897571545,54.550318615824,61.59297243160595,63.09708161579393
STORE_07,PROD_002,13,43,50.162608362685056,52.56850164931879,52.64886158716,53.69825802198897,53.91207427829433,53.99835228960063,54.21675749074345,54.924101201378036,56.241659536844104,56.34183835734063,57.45338452603121,57.841404413534924,58.25087309912683,58.44502998568247,59.41554431296124,66.74675364417419,68.75454017932984
STORE_07,PROD_003,11,52,46.92108463882302,49.02981494240165,49.205697034881844,50.23273106541214,50.2555210766427,50.65479721933373,50.73130714882269,51.31520542546561,51.99309747398176,52.025227939676995,53.39903293462747,53.53674018549064,54.39717399435754,54.550625404571484,56.043752184825024,63.183189349774686,64.8650374168989
STORE_07,PROD_003,12,56,50.20521959708617,52.491097875517944,52.74132765057653,53.88459104386083,53.88522167135252,54.259614476395456,54.27959723854095,54.950105067117605,55.51966440905869,55.56569954049038,56.79922983537953,56.96665333966423,57.807757192828824,57.84255779866446,59.117949222912095,66.4993006542771,68.40094901910885
STORE_07,PROD_003,13,44,51.707496996325006,53.99504416854702,54.28266349511707,55.467789197093374,55.48135502016017,55.815633425824494,55.82866178078377,56.53133440714535,57.03671102921738,57.08810350007948,58.237282737943815,58.42042594634405,59.21587916921175,59.245937629407365,60.35199453315117,67.88273463895881,69.81531365999282
STORE_07,PROD_004,11,30,28.026902457093023,28.963737369011263,28.98734918610182,29.38292239588136,29.426811322352545,29.819032965704082,29.843882327408817,30.276589624170814,31.645250093431894,31.699659552959776,32.420635413254175,32.8635639127686,33.30388399730983,33.67500346094207,34.77855093142107,38.34570040032431,39.05739252255072
STORE_07,PROD_004,12,25,26.472021409945437,27.41451898603454,27.512809414156987,27.88740100388613,28.024168404702408,28.134772954658253,28.27283308109679,28.695919630243804,29.614649459960816,29.69313464557857,29.969587369858655,30.42476408687442,30.735538035750153,30.850031630069992,31.0188544263841,34.10260647767238,34.80224338525186
STORE_07,PROD_004,13,33,23.921691486592163,24.839028933525235,24.888286421967678,25.20234260773745,25.33214832105411,25.487731417290004,25.600061304495213,25.998242140802756,26.888967830489968,26.98086169483885,27.328389336691668,27.74221932989415,28.068156614339145,28.236300076066364,28.455989529221206,31.27387719590443,31.991085735844532
STORE_07,PROD_005,11,39,47.457138800833874,49.64621884512522,49.69886816724185,50.07816961471937,50.3378488511738,50.35498667222303,50.380800001622575,51.11332717809841,51.816877744371496,51.8273551791166,52.496225683842965,52.59482672436716,53.21703023404626,53.80647025324108,54.67539692965898,62.73968443411795,64.51144625667791
STORE_07,PROD_005,12,37,44.42942965944133,46.32411674285498,46.46979655552813,46.638939206450836,46.956199850350075,46.995025392539006,47.145915682723334,47.74409039622973,48.65705821620597,48.65987266787621,49.63539523553612,49.689879384689704,50.38512471565842,51.15376347082638,52.53487003040156,60.48266297835381,62.036308135130945
STORE_07,PROD_005,13,28,42.27217796105029,43.98179008499442,44.130957194310156,44.28166059549633,44.56997741291309,44.62661561231346,44.758423856402686,45.34398347778972,46.19959196367764,46.20973434443472,47.140720747069466,47.19666572044061,47.86651554222273,48.60146458939306,49.84904117338508,57.51493357613662,58.853987693141995
STORE_07,PROD_006,11,31,49.508923851216174,50.92986093306683,50.98163543461537,52.10268752339156,52.28756736391567,52.37657332591714,52.55542218227869,53.274167648021766,53.764965934604376,53.896159429301754,54.72815840162714,54.85171041939003,55.37464183450957,55.47744529836366,57.29417185133005,64.78187158050488,66.27940205778289
STORE_07,PROD_006,12,54,45.924819964093196,47.077898422432234,47.315721919463996,48.01837197242472,48.324167918473286,48.5035151595338,48.92541755088822,49.385316183838306,50.36800150738915,50.49805470635162,51.99890649905136,52.029900995602254,52.837306626320924,53.154831666803666,56.275849849810406,63.818463016665895,65.2186285771199
STORE_07,PROD_006,13,51,47.28679813813522,48.706934210279954,48.70916755145125,49.87749875495977,49.99277569730142,50.07308232260902,50.145119364074944,50.9229706906085,51.218167261514765,51.32357991111551,51.90096805116018,52.05198476906646,52.36229900310977,52.588908168658286,53.67390770194251,60.685820738411,62.036308135130945
STORE_07,PROD_007,11,42,47.10748041708404,48.57308932520045,48.67400526241564,49.38667780456984,49.39807581974356,49.44735686934922,49.713118545578254,50.010348423264325,50.71118917452224,51.19882495525136,51.42993069689963,51.77151793943235,52.183880076836274,52.22292638180177,52.243923706695014,60.988390897299574,62.38989929535193
STORE_07,PROD_007,12,55,46.89746625033405,48.556075763826726,48.57920783318762,49.20163962017835,49.25800419331603,49.49077412022359,49.63376775595443,49.93646860469782,51.04573138496479,51.5698203724182,52.307915464942774,52.59170254881414,53.15583211941639,53.506362518884224,54.52667449254813,63.5697420801968,65.2186285771199
STORE_07,PROD_007,13,43,51.600503150924105,53.44112089983357,53.52721150804049,54.32816097764505,54.33955886955863,54.401686783632464,54.66908903633766,54.9867366613094,55.91266872588051,56.487685270404256,56.902340242466806,57.247925930106454,57.73935744945402,57.889225516116376,58.413533379107136,67.91782139391799,69.81531365999282
STORE_07,PROD_008,11,35,55.7737153454672,57.34054950356757,57.76039190811809,58.1135164309846,58.30805627018005,58.32022952593335,58.437858111319365,58.93466785101937,60.324998627683286,60.523391931898544,61.09601430383251,62.70099387244708,63.0864669911244,63.27029650878523,64.94145761526052,72.98862267101481,75.11918106330775
STORE_07,PROD_008,12,52,47.41819953492253,48.59180585056931,48.73322399571524,48.92727132938443,48.97483621824812,49.360904920157665,49.5319228750685,49.81808520628408,51.67735542983244,51.839783954903915,53.19842078907179,54.55356564622293,55.146742743975935,55.822633697692176,58.72210799526732,66.45339652362057,68.04735785888785
STORE_07,PROD_008,13,66,50.173683870327594,51.350724298992866,51.65476983256593,51.926817742183296,52.08538567772451,52.240086150375824,52.28565538510856,52.74771492146585,54.17827334883635,54.338524621942845,55.10892285505624,56.5510673261735,56.98107682421455,57.294176614187066,59.117949222912095,66.79096671693956,68.40094901910885
STORE_08,PROD_001,11,79,85.07788304735524,87.27074537214833,87.78252679977665,90.06938543322481,90.0914092293939,90.26599636196357,90.62301434454078,91.7516887666097,92.67949684576898,92.88380342919338,93.69221040894523,93.92899586201885,93.97986313406258,94.43185676323682,98.84374550942799,112.94224588078127,113.87122249585046
STORE_08,PROD_001,12,85,80.83747828607144,82.99354895125963,83.40527614864331,85.52474797746143,85.63702515701503,85.75671242368458,86.24238897625487,87.24087565723438,88.32955315395334,88.53377330383509,89.59037579315668,89.83360488511441,89.86735132385974,90.524390529817,95.23958870042483,108.88096081768508,109.7587403291977
STORE_08,PROD_001,13,89,82.79810578693682,84.9872102762449,85.45417445853901,87.65921564065843,87.71812756494181,87.86700613688079,88.27434148113814,89.3457541629364,90.33011932007275,90.53473766691923,91.43755275999348,91.69065130561671,91.7060796622987,92.25263927493691,96.74905303907951,110.55831097124089,111.47227456530302
STORE_08,PROD_002,11,99,107.89079015193326,110.85379124440216,111.68774144750832,114.09732008597307,114.34205918011888,114.58968423987119,115.40878377452856,115.98904538368814,118.4831713542755,118.48519193010998,120.98977979750074,121.83730390136442,122.05933171086588,123.09939262573222,129.58672112655861,147.91067493812733,149.5127346068411
STORE_08,PROD_002,12,108,103.76955022907447,106.6201399662046,107.48589283487576,109.87442179486102,110.01578384465859,110.27050884037077,110.9035585060986,111.58798604075385,113.71200233074522,113.72899918055606,115.79769782949727,116.64932580894043,116.78312904402783,117.58480229584218,123.11100484663959,140.49170276657753,141.9731839679777
STORE_08,PROD_002,13,116,103.0773175644722,105.98751929584968,106.93670152280741,109.39887462787298,109.41602944908993,109.70649053107633,110.13486774436522,110.95901041781738,112.7378241916151,112.76283027577958,114.39138083387562,115.27997056043077,115.3053324680932,115.84933596153704,120.50203978841638,137.36826236756482,138.8888223429881
STORE_08,PROD_003,11,127,130.6124856921532,133.97901597435478,135.71410012554324,138.976405613553,139.10558845887914,139.2298632142511,139.61070719652287,140.53542308171617,140.64269786442023,140.74597235884062,142.77569235070533,143.32583327051495,143.87734121125663,145.00573585826822,151.11887396173717,172.15119122765412,174.18762760675767
STORE_08,PROD_003,12,106,131.06552589215846,134.73480095882323,136.32371681050094,139.57652766224976,139.59287323851527,139.93683209529686,140.61168671879753,141.27327739011758,141.95120908876098,142.04454551987672,144.88790039286584,145.3498866841506,146.1207729432546,147.74133201724396,155.45623282126522,177.0252911004298,179.32823031507363
STORE_08,PROD_003,13,123,121.14655053282797,124.35345624886524,125.70545743041949,128.6110025156846,128.69647245004322,129.10171124285216,129.888960717869,130.35932562584748,131.31876608895746,131.41903579825944,134.5489303148786,134.92503298839404,135.7870806579869,137.59498632505938,145.5952891949932,166.1438448507044,168.01890435677853
STORE_08,PROD_004,11,59,53.43511005167172,54.778457546027255,55.3586117988211,56.30833487588599,56.405430453824394,56.730428421279186,56.930788185758885,57.37147582121776,59.33119634912286,59.46924539342015,60.18801818830885,61.07166377447767,61.15328549386966,62.20750457234956,65.58911445273228,72.0609871348807,73.7646717907751
STORE_08,PROD_004,12,79,56.426287125346235,57.82198734800304,58.508003193208516,59.534343726858445,59.68181293420426,59.91991924029574,60.02547470417228,60.579684867790924,62.39211184015123,62.52842178599788,62.97194398422577,63.917651165063845,63.92162496964049,64.82099522709653,67.80835257068915,74.45993506542814,76.16376562976062
STORE_08,PROD_004,13,64,66.36045357203878,67.89634473545273,68.82039105196527,70.08114993590296,70.28749047208815,70.41443579125519,70.42089392204068,71.15497854390219,72.9708045370889,73.09259024081305,73.19215019280546,74.17787846655771,74.3204972007653,74.95075351954354,77.81308948478399,85.42655417650218,87.21717689400805
STORE_08,PROD_005,11,184,183.21745170943595,188.2501317060489,189.4616834070406,191.44298887246165,191.49198176765447,192.66486907816903,192.70712390463802,193.76573050057482,195.40276232785618,195.50525637777915,197.36757575643182,197.7268370706453,198.0109279098402,202.38612855173108,212.5882462483783,246.61692601762888,250.2685476898338
STORE_08,PROD_005,12,184,186.13383154991735,191.3329969291119,192.56809807554728,194.5818009653516,194.62911435031415,195.8245448103266,195.8706715919964,196.93812090427784,198.60588030029285,198.70585022047356,200.59707791213071,200.96096830126646,201.2463978958607,205.69081759435025,216.0786497610266,250.5768208344161,254.38102985648655
STORE_08,PROD_005,13,212,179.4937019198151,184.96510195473914,186.2126244025782,188.1997392480569,188.22901952087042,189.2464381629741,189.40978489375033,190.4248904550084,191.827588197732,191.93551162282967,193.49908836678784,193.88653022475523,194.0974915416792,198.21695573335177,207.68307929976928,240.44894847847846,244.44253128707572
STORE_08,PROD_006,11,156,169.6302515664675,172.7045512053712,173.60152554754742,177.81589227373715,178.1543349520614,178.74986812165415,179.98333107497106,180.6588144784647,182.03032146010634,182.32903662221412,185.5114153208648,185.83501519417118,186.3006417732234,188.36366837886447,202.81483711354554,231.03034914964343,234.16132587044382
STORE_08,PROD_006,12,166,168.62640141017326,171.56247417877486,172.56021935080906,176.8417794221201,177.0368614207275,177.67112548961924,178.66660968083596,179.50200660613203,180.52154269618984,180.80735383044038,183.49571843673638,183.87534386148707,184.21262916298707,185.9680621317659,199.32530079840393,227.06515232960155,230.04884370379105
STORE_08,PROD_006,13,148,161.38975517303825,164.71124993377538,165.82090227485702,170.05535102915547,170.0732141337533,170.71565977538393,171.3358211657606,172.39189983589057,172.86153911115667,173.1120267597635,175.00087861736046,175.45410238062283,175.59785372334215,176.8504561663051,188.15684322742388,213.83272784081962,217.0259835093906
STORE_08,PROD_007,11,243,208.68795588752567,213.2764424768834,215.29917135819724,219.03961342354486,219.07936017686703,219.15940360818996,219.23821610276175,219.7022269486744,222.03359112801778,224.17152026153366,224.7723981747788,225.7330041402968,226.22970804539474,228.44362412630855,237.244528075814,277.9905008211106,282.8256981758348
STORE_08,PROD_007,12,240,220.83209054524602,225.19612834114136,227.44457974152215,231.2427848162761,231.50084938905826,231.5545822658276,231.56220154818823,232.04510285790568,234.15875589765653,236.4058923509391,236.5762255670987,237.5058045809261,238.1584511304685,240.06494645295496,248.51708157579,291.4229486177693,296.1912652174563
STORE_08,PROD_007,13,277,227.99583987625311,232.58146983781128,234.8065592633663,238.8836926601325,238.93528759017195,239.03796875028834,239.08790671968387,239.58372992213958,242.127922268641,244.48206028269016,245.11034942799049,246.13325936123206,246.6917799707028,249.079556478832,258.7902611597737,303.47217252054804,308.5287117174146
STORE_08,PROD_008,11,142,160.9831385566979,163.1072877141762,165.2720642888385,166.4963691340947,166.79407209755627,166.9107505427103,167.5244766409026,167.6719712025168,171.58622570241855,171.91078921113365,174.10245288126126,178.4402333136871,178.84514524706105,181.4372224365076,193.40752205640214,219.93804551440422,223.19470675936978
STORE_08,PROD_008,12,157,157.24831589112878,159.17727026905624,161.21364911158304,162.37209041270694,162.7142750554389,162.7199538435906,163.55530720470983,163.5787146036874,167.68400466893777,168.00216866438112,170.50500841973187,174.82936180137864,175.13061246110527,177.99171979742,190.3885933790928,216.71839690684277,219.76763828715914
STORE_08,PROD_008,13,121,154.68398168614294,156.7118958385401,158.861711931714,160.06174437224936,160.3172023436978,160.53923532512997,160.86340227984024,161.15974585050216,164.6063454323997,164.89984623342468,166.62579246650233,170.71220985888402,171.19217043628996,173.33799435952542,183.9729164054822,209.1920487940964,212.22808764829574
STORE_09,PROD_001,11,36,40.8337142064123,42.40883393383272,42.42085994875659,43.43457676408568,43.498441905658645,43.630517552680615,43.74388407584067,44.55182324522409,45.218206466806954,45.31071323107649,45.90716181047852,46.043643123226175,46.36605982344682,46.389130331375334,47.48849462248369,53.97892174854245,54.79947058917064
STORE_09,PROD_001,12,48,39.18730718756979,40.62710041270541,40.702010443194766,41.56506398635819,41.66404436331997,41.828586055698146,42.015896617826456,42.73374534826634,43.545008245642954,43.63899504561403,44.4446620454861,44.5505523261276,44.953789001783,45.067261355976704,46.54793117970657,53.00602835042785,53.74830091409583
STORE_09,PROD_001,13,51,43.18620967185812,44.73953959814783,44.76586117440866,45.86982345908512,45.92729959314257,46.03415202348848,46.122319333094026,46.99102065709381,47.6176186266198,47.703774510343415,48.21502758006153,48.368584262142406,48.59548706465053,48.69067537356535,49.621283976403426,56.41836159207177,57.252199831011865
STORE_09,PROD_002,11,31,48.69708909349209,50.580556001963934,50.6824502441764,51.70023567263684,51.88547081719185,51.99397836176593,52.280356009466026,52.87241967143201,54.179768590068655,54.205096148475036,55.45116960590745,55.83367547111904,56.34105295059912,56.41696105663946,58.02690466071015,65.8528413564337,67.06311679837675
STORE_09,PROD_002,12,28,42.98259713219501,44.42698823409176,44.44761816098282,45.24385847846707,45.453140638151886,45.63160343459769,45.997636560248516,46.43815615551909,47.87750560598908,47.87946661193624,49.38274904250163,49.69112288672106,50.265057976245565,50.5549810784436,52.5363513291962,59.992219515546026,60.756098747927894
STORE_09,PROD_002,13,33,39.033831088796255,40.142897869034755,40.18148895283346,40.88420204683828,41.04805525834143,41.2470100233628,41.5553812371615,41.98757290017895,43.26245668468645,43.285177488215076,44.64779921709618,44.93513929881122,45.47149862011759,45.741229708443356,47.406622841154,54.391226220810296,54.79947058917064
STORE_09,PROD_003,11,69,67.66170988684499,70.10771479384769,70.66554065453978,72.27151551442094,72.29689084077008,72.60583941931066,72.64468257308545,73.44073269414598,73.89327194074956,73.94220108634795,75.23781942329663,75.49166638705745,76.30281304380104,76.40122798950323,78.3432792133113,88.49252625302263,90.53923954171415
STORE_09,PROD_003,12,48,70.1555757968724,73.03022140444315,73.53354827659788,75.14718773661042,75.20994494550341,75.5888647687184,75.78701530833584,76.46830094845595,77.23663022709894,77.30809720124599,79.05394611848102,79.26647210939866,80.22514625752304,80.56126945510616,83.42388463255568,94.00314821344038,96.49586770047141
STORE_09,PROD_003,13,42,64.13048720096833,66.52605347282893,66.82601446129578,68.16156303004702,68.32182944219223,68.77863508549561,69.17805203648906,69.61386873398946,70.7888382671452,70.84714123876996,73.12394891745242,73.24694623530034,74.33379494659604,75.03203135524925,78.79748108124447,89.22848557275792,91.24001932509736
STORE_09,PROD_004,11,28,30.196116132708696,31.350856437755876,31.51668685847689,31.972616581486644,32.100617561136986,32.290530132882715,32.36695723199739,32.820748619698236,33.90717702011464,33.997740787801725,34.36458361458881,34.88081944806835,35.158810660129305,35.43889618923864,36.14801313329424,39.732705246431706,40.472871649834055
STORE_09,PROD_004,12,30,30.002633341395057,31.2067652268949,31.335417814432823,31.782690203676932,31.878006085484728,32.18277138156198,32.19730911155848,32.6560021493443,33.88560289075248,33.972191223725446,34.50684351420131,35.00850473721225,35.332853929066786,35.71525276648079,36.75553889083727,40.43348502981492,41.13803595714925
STORE_09,PROD_004,13,38,29.39646717842824,30.599199250247608,30.74482891555097,31.182388300369464,31.30307914989028,31.52288774873178,31.583202340709168,32.03097396480009,33.13213625499867,33.22514150591862,33.637517648000205,34.13957907134657,34.430163712266605,34.73842651517067,35.50773866321933,39.0319254630485,39.728307550096474
STORE_09,PROD_005,11,92,82.9540994134195,86.08875506579496,86.13385319063907,86.6350737903722,87.19165458236348,87.43776262514703,87.82303475533826,88.44668473555434,90.24065300072124,90.35481139079874,92.2261673664796,92.24941011211544,93.2498644680828,95.09828019043645,99.75245205459437,114.8164104263469,117.8696510936592
STORE_09,PROD_005,12,86,88.7055904170115,91.96154686987234,92.16383193737053,93.00689903144419,93.29027777454908,93.61100413897606,93.66490640499215,94.57679766451216,95.75028301153043,95.86663453840586,96.87667003006744,97.02044303608777,97.78992224756625,99.12592669703734,102.25937999408609,117.50888188813107,120.67277022719202
STORE_09,PROD_005,13,71,84.49281728241439,87.69674993418127,87.86194476875562,88.64709148824522,88.94629418892161,89.26935748972572,89.2789120935513,90.18208679177864,91.355958783086,91.4567894143237,92.50647265897504,92.63807226750023,93.40217877304109,94.72843065480271,97.802458656995,112.3780607818408,115.41692185181797
STORE_09,PROD_006,11,96,68.76905761845583,70.72306418432733,70.79085040852001,72.25192197398894,72.70044846612038,72.73366641177968,73.38066944499704,73.93708995860327,75.03123233143923,75.24408246901871,77.0076104235599,77.08383850156277,77.91379621491545,78.39247594405087,83.34201285122599,94.25735497108887,96.49586770047141
STORE_09,PROD_006,12,71,78.28642039876644,80.20553449860518,80.52046259598583,82.56321476078226,82.62575141594007,82.78565535536497,82.80634601535266,83.89088593525008,84.01846326774168,84.24472599493139,84.69643840648081,84.96034645177899,85.08122543752658,85.43683369326473,87.78225135923547,99.14136309837473,101.40132618415386
STORE_09,PROD_006,13,46,75.39181156835824,77.37166244868577,77.44210286538286,79.21837411160818,79.57274284481147,79.6228559746238,80.10108946195038,80.84861403714224,81.66432565184056,81.90387991495788,83.28694232191505,83.42718758796757,84.16621695275424,84.37693262428425,88.84894053900588,100.46858872265507,102.80288575092027
STORE_09,PROD_007,11,92,92.2910002021174,95.41752242465517,95.78686183384384,97.18865659684585,97.39679421893983,97.5737201092906,97.71025018526372,98.13121857336746,99.9058710696183,101.03585341463564,101.88544878174416,102.43758918448646,103.02683259970085,103.75585970081671,106.78521043120882,123.8799967826999,127.68056806102408
STORE_09,PROD_007,12,96,93.9848541644524,97.27437505179333,97.65740687070839,99.08851755884706,99.30377564257962,99.47615575361581,99.61442751612616,100.04129990631512,101.84307413409056,102.99924100393748,103.84986137638577,104.41217478883598,105.0063814323077,105.74151454210772,108.8349701517837,126.14795885188248,130.13329730286532
STORE_09,PROD_007,13,90,94.58282617261838,97.87154065070617,98.2928248620217,99.76861748344636,99.95721208186421,100.05975651059693,100.25002952394425,100.67764732314986,102.37517336473013,103.53031760025627,104.23973208770319,104.8212115138879,105.37611721825785,106.02425660665828,108.85680262680496,126.14795885188248,130.13329730286532
STORE_09,PROD_008,11,95,80.97902905891013,82.90129396678061,83.5777882216876,84.12262825410804,84.24251015080596,84.48957471656823,84.70046307274282,85.12023152403783,87.53994180001983,87.85568879910795,89.21493862069157,91.53208651248781,91.97946294368177,92.8967282037019,97.60446982927374,109.97081909443763,112.96419260997675
STORE_09,PROD_008,12,72,89.0329804769722,91.27922976063489,92.13929508018866,92.8003489689956,92.98739459780522,93.11229939530948,93.20496714310903,93.7862997787406,96.09320094621813,96.45139237953155,97.4793510356653,100.03006475558172,100.38234544354617,101.10847962024127,105.52313993311543,118.58655876746927,122.07432979395844
STORE_09,PROD_008,13,107,81.04377070756516,83.03032782948519,83.6607658706369,84.18848758778799,84.26691367371873,84.58161307503559,84.87531607481661,85.21749031129387,87.82232739376961,88.14659057632322,89.7291378029364,92.0449926031514,92.55407343633465,93.61090248856172,98.78032138415041,111.2856821532592,114.36575217674317
STORE_10,PROD_001,11,31,43.220972433470735,44.639758326733855,44.6903448785192,45.80399250673575,45.84836488628596,45.95983926316181,46.089585987281986,46.90549605194168,47.491459678783606,47.61795319101222,48.16113504502965,48.31775187332766,48.581039822137946,48.63237144594009,49.9404985177742,57.044563466426666,57.56978777142692
STORE_10,PROD_001,12,33,39.817614893143364,40.97519206327083,41.06155405425394,41.901211195739215,42.02367755738773,42.204663968831284,42.49515148047095,43.11856910586658,44.024802745905056,44.152490891675605,45.15196986737326,45.242100514655604,45.63372333791272,45.97664143308818,48.063437734357464,55.12980030469245,55.480893749100744
STORE_10,PROD_001,13,41,38.46105969074446,39.51645392849631,39.57502581830131,40.438052366373356,40.517994868255336,40.693574619390056,40.91237630145236,41.56924397035745,42.323514781820194,42.45842026107781,43.28403854274382,43.390934024211795,43.73751484833822,43.99074943764697,45.68076863575203,52.48795685557864,52.69570171933251
STORE_10,PROD_002,11,76,79.74879345455216,82.66796903319471,83.15291091919762,84.9481011393667,85.14669599190731,85.2682775310308,85.61047515845581,86.45210552664977,88.14123764529324,88.25522097345585,89.64966299636222,90.29264989838208,90.72446485721856,90.72763975073008,93.53164124757964,105.71342657606155,108.05139331097614
STORE_10,PROD_002,12,82,76.58019527892066,79.46538792053387,79.87707850357884,81.55929139954438,81.81799032875209,81.8999536300901,82.33437614229581,83.08836046755829,84.87357966446586,84.97840004390049,86.53793808206669,87.13829855010225,87.62090849923622,87.74161800932193,90.79519279440657,102.64778794198516,104.91805227748688
STORE_10,PROD_002,13,76,79.57267713882277,82.59252511316443,83.05797930498454,84.83345227602523,85.05750628216705,85.17060942498533,85.5529967246539,86.36627073216819,88.12001686547882,88.23575686828734,89.71383691755472,90.34771796898677,90.80580071104316,90.85168968258725,93.81992317708352,105.97453740775714,108.39954231469717
STORE_10,PROD_003,11,70,70.94049683592684,73.28655745530305,73.8391386863004,75.47664640663939,75.51647175478216,75.90823203450789,76.17633264644432,76.76586134685073,77.53136622632066,77.53781164138466,79.42187163634104,79.64076005456928,80.51145144065097,81.09916077157844,84.4574500995488,95.87282537690628,97.60692319934527
STORE_10,PROD_003,12,67,66.86898168820431,69.42094546569328,70.0029999458528,71.58469881664492,71.62417694671018,71.938035858052,72.0579896680398,72.7451167357369,73.21351199039727,73.22776705565961,74.67851449270155,74.92965074548059,75.66686971850606,76.03062128226007,78.4953192342799,88.82433300447559,90.64394312492469
STORE_10,PROD_003,13,77,67.22049495850277,69.86562678421316,70.42074779871999,72.01166336266583,72.02061588016642,72.38249398904323,72.56067784738109,73.19927457870055,73.78627979261942,73.79583231294005,75.41275703020487,75.64690240851976,76.43243138066246,76.88882104462094,79.67573754607199,90.12348111222424,92.03653913980881
STORE_10,PROD_004,11,35,33.558412063197906,34.69971051482295,34.94636106067968,35.47459737715176,35.61646944051029,35.80341076047738,35.8643190728234,36.339556743577845,37.47482916400986,37.58043750764249,37.920658633478595,38.49718209605511,38.71550763101565,39.07962578447077,40.05114126034144,43.99197662630679,44.93292932347157
STORE_10,PROD_004,12,24,33.627034945530156,34.77549195272534,35.01338624901355,35.541748820468,35.674143812899274,35.894191474318504,35.937130814293646,36.41488441226804,37.594726471986945,37.69885438672289,38.08703925608789,38.661152352425354,38.892329858397424,39.28639751619182,40.35877488771947,44.34012563002781,45.27880335916293
STORE_10,PROD_004,13,32,31.59818643306724,32.683140880453834,32.8142274005775,33.28377750616059,33.348470313173564,33.725800805944374,33.81592758644763,34.19609997017478,35.628932917996806,35.73269812898347,36.48719819908772,37.0038424832661,37.33704409929589,37.953942342960445,39.67255208914434,43.64382762258575,44.629825882568845
STORE_10,PROD_005,11,115,112.06300845376438,116.0070703910421,116.43141805246651,117.55209719684191,117.79000116698472,118.28380961430432,118.3762388086995,119.33804263143723,120.66499372790794,120.77036282401282,121.95332957208878,122.14615814507441,122.86013736195079,124.79336511351549,129.41039761204968,148.91238919364787,152.61446578726787
STORE_10,PROD_005,12,113,109.90814373885868,113.84952907647872,114.2740605329031,115.38768146032449,115.60813462307341,116.06932301448583,116.1805762057704,117.12731548181334,118.3907620096293,118.48841852496446,119.60458015702638,119.80179368038777,120.49151972027377,122.3574784874715,126.76472224989806,145.81908517390136,149.4811247537786
STORE_10,PROD_005,13,97,114.00644358558142,118.6831405038233,119.06363703723608,120.14440787285317,120.46013572638728,121.0475224685151,121.06391012968234,122.05222252834592,123.59668561033521,123.71521672116948,125.16292035207435,125.32709993105559,126.12356571500521,128.2605102916236,133.50102785662241,153.12353710817044,157.48855183936226
STORE_10,PROD_006,11,99,103.59616534284609,106.47956029408697,106.81640927636568,109.36627908328325,109.65526718090892,109.9028112957352,110.40884155484856,111.31461366657824,112.1281708877931,112.44785280745317,114.00162109908311,114.22268643829038,114.91086410137471,115.27507044825892,121.75997320329427,137.40555483159827,140.77739966075288
STORE_10,PROD_006,12,112,99.41137376210833,102.31217262435602,102.62809702418998,105.07976157535289,105.3618844663903,105.58457303890121,106.07608968284916,106.96084362677098,107.7394716994304,108.03660204580373,109.53843902351441,109.75447215362082,110.4223342859048,110.77442119151664,116.95097005604089,131.91534274609998,135.2070156012164
STORE_10,PROD_006,13,100,102.95747789727642,105.81493297680566,106.24759673508558,108.86789402300798,109.02787005098057,109.31159226175401,109.61304575585828,110.65534512903433,111.1560566805129,111.46017718117189,112.58759255715592,112.8597316923723,113.42594797815767,113.5386672978898,119.11631276896152,134.34493595350972,137.6440586272636
STORE_10,PROD_007,11,112,123.38616323031914,127.08625802659064,127.85793331053627,129.8772362602721,130.0848727223632,130.12116869761027,130.32378887754442,130.7872483579019,132.7109167980389,134.1655284812729,134.83678360179232,135.62297889461806,136.01493827984066,137.03308739443546,141.16641013781316,164.09220736004727,168.6293199584352
STORE_10,PROD_007,12,123,118.72177586927319,122.26499382207375,122.88923308558162,124.71719857119709,125.00154546968643,125.26940849198436,125.30241546397264,125.75553502005778,127.97658621019602,129.39610575055357,130.52108072198172,131.22874502137054,131.7447491202239,133.02697166833707,137.8926444074069,160.4596780190267,164.79968091750388
STORE_10,PROD_007,13,117,122.8304970590523,126.5609466469374,127.28429975409475,129.24889662640277,129.49258458194276,129.6205184039022,129.75464685707178,130.21784351144984,132.28269582021986,133.74214785818754,134.6000106703311,135.3624181676704,135.80651818520445,136.9410368562833,141.42879552861126,164.41022520843134,168.97746896215622
STORE_10,PROD_008,11,69,82.4823115817099,84.16025194064287,84.93083990713312,85.46979354606351,85.64049037406701,85.83771716406743,86.09249745543322,86.439938325887,88.81902382621949,89.06469896670268,90.47310007463695,92.8642831663117,93.16821659283245,94.32899539414461,99.4773977565826,112.56396507155107,115.01437338539672
STORE_10,PROD_008,12,83,75.27813509909356,76.87848669246695,77.55270700709796,78.01918186079594,78.18784791040699,78.39613867816648,78.62954109619552,78.95719869368378,81.17358604375374,81.37768685557187,82.74467179299741,84.93647968236948,85.245017345384,86.34887625126206,91.0561841301339,103.08815050314594,105.26620128120791
STORE_10,PROD_008,13,76,76.22213411317261,77.88152449395648,78.68608124144308,79.20911318281013,79.48026146535072,79.51889312155392,79.54790180897308,80.07547808143859,81.86071204363752,82.05344442152801,82.86838234350034,85.09851357115151,85.25628408271876,86.01443151044228,89.63660695763573,101.33329254072385,103.52545626260276
STORE_11,PROD_001,11,50,54.261745062382765,56.20035950176079,56.264774868581696,57.610705610099025,57.78399062723093,57.847017343848236,58.173643061538854,59.02164979435386,60.02380842725379,60.119472213540114,61.05378060791176,61.198728405471996,61.53971544881565,61.75461070974377,64.28509723806133,73.0753714090987,74.21083216924264
STORE_11,PROD_001,12,45,53.56583212029096,55.455917330993636,55.503295458166505,56.82015198443576,56.99952774542354,57.07235509453444,57.41355310788351,58.23699736076674,59.2671592139395,59.3639162928956,60.34376201218853,60.48089784955064,60.83533084693875,61.08202165569299,63.67623820084991,72.4288572209755,73.51517441550645
STORE_11,PROD_001,13,65,50.32990785361637,52.03430410448816,52.04640048047367,53.267005098504995,53.43626422332728,53.53668511233326,53.87431471066845,54.64269073870475,55.65664797761158,55.761754422647805,56.76592418265464,56.88972878286338,57.256060861090134,57.541285944351785,60.06129080886863,68.46151879051541,69.34122789308938
STORE_11,PROD_002,11,139,90.31094132667454,93.24295422228217,93.9397947693619,96.074792710824,96.1236254007019,96.35878559830358,96.49107566649444,97.55010095495166,99.05573953649684,99.19264962603452,100.23402450838587,101.00243021616905,101.0389047301908,101.30984724660863,103.44611763139928,116.99673147703746,119.42858616209432
STORE_11,PROD_002,12,119,107.40317966736112,110.20777343870303,111.20275486371949,113.70259559112966,113.84921599958561,113.94960044103762,114.1087421008588,115.3355768794501,116.65217389038652,116.84595540620522,117.42525621651589,117.85956422635843,118.37820705103292,118.5434111163983,119.77069114224581,135.65872065928713,138.21134551297118
STORE_11,PROD_002,13,107,113.15468111258093,116.5849922416644,117.37514620294824,119.90929330722479,120.11867170553921,120.45419780990268,120.86567773459238,121.90375847853022,124.26348994916553,124.51317987169878,126.34519025752107,127.2228642004731,127.71432748642563,127.72614390330386,132.218327560856,149.5827989481348,152.82015834143095
STORE_11,PROD_003,11,69,69.57315809831371,72.11409443646255,72.70303650869651,74.35212448066035,74.35867649539186,74.72249683674902,74.91892607415025,75.55789967894002,76.15364417040861,76.16488222526785,77.82928143454582,78.07052821774526,78.85878420266829,79.35488472220769,82.31616924792519,93.26353476537557,95.08056478132804
STORE_11,PROD_003,12,63,67.7472822701111,70.33065695121958,70.91577928738921,72.51946298980596,72.54684287979155,72.88162293477066,73.03956583684602,73.69664681100805,74.21387627311076,74.23269788936629,75.77852401259311,76.02490588347722,76.77606674637255,77.2167630412746,79.92439804912206,90.47852990224537,92.29793376638331
STORE_11,PROD_003,13,83,66.65961925089002,69.21197886719497,69.73924514775581,71.30021379094256,71.31022564452226,71.69811068529624,71.92924467171133,72.50946907726446,73.17479039147038,73.19302600141923,74.93737326787291,75.15564800411583,75.96112338541035,76.52538473433215,79.59267793673979,90.16138814147538,91.95010488951522
STORE_11,PROD_004,11,63,55.23974582086161,57.22847430159317,57.63702197782364,58.574224204156216,58.63961617302914,59.10717379093862,59.41508340452886,59.83668686299436,62.472149885693064,62.47268945594275,63.6940942919321,64.53792836867525,64.94891982601402,65.93570552021176,69.78704594679738,76.99346318418736,77.60255975108673
STORE_11,PROD_004,12,64,58.30322219357525,60.28987454028898,60.8809664387995,61.97377203025407,62.03224893226533,62.35781490003288,62.423690746169314,63.09355362295226,65.24767192031057,65.25080103989401,65.80951175612466,66.7467777403816,66.97404478977876,67.55588870710872,70.20361518211756,77.34129206105544,77.95258328018595
STORE_11,PROD_004,13,42,58.67679865032296,60.664029583877024,61.26552993886539,62.36746391069832,62.429823999677595,62.74824697394576,62.80609468139474,63.48685700715389,65.63280970124394,65.63500565621685,66.17051101938891,67.1149618493543,67.33535871676781,67.90373260352824,70.5219382798421,77.68912093792353,78.30341103082377
STORE_11,PROD_005,11,166,152.52498341728779,158.37065967963235,159.00316452498487,160.48597322428836,160.80590208742478,161.64421232175792,161.73451280434472,162.87617082760053,164.81591269789553,165.03575935646086,166.737720408255,166.95182401907402,167.8735599793037,170.65942472075278,177.88368771740465,204.001496989957,209.8640941477977
STORE_11,PROD_005,12,173,157.18408773980167,163.06024238989065,163.7939261948553,165.40511917013535,165.63242144242008,166.38066969892566,166.62806043955754,167.74611959703844,169.50166040125816,169.7294815232875,171.1550666453839,171.4135720857248,172.26569771642443,174.92016723910396,181.75988429868514,208.44398060516178,214.38586954708285
STORE_11,PROD_005,13,178,165.0865571207831,171.4619618146153,172.22811952316934,173.9031343210779,174.15630495155196,174.98094167790458,175.21748686006305,176.3758748937926,178.27528408392735,178.52934621836232,180.08158849825318,180.34039023297603,181.2463278430618,184.07750729168941,191.47140437267632,219.37665915202783,225.86422248372983
STORE_11,PROD_006,11,122,120.71943076515669,124.24226949562191,124.72679700869267,127.74222499510981,127.99452351908563,128.36603562256727,128.85366709587282,129.895561301499,130.70551270944597,131.09995857345183,132.70009536924752,132.96928995463736,133.66293430631634,134.01607248837945,141.51373154999476,159.39537127474478,163.60285352434173
STORE_11,PROD_006,12,151,119.05359113459505,122.60610858223326,123.07777676876042,126.05066404271933,126.30613877896229,126.6660834164297,127.15699799188793,128.1845420669025,128.99480937844405,129.38114191451191,130.97956854201712,131.24440706679593,131.93577581247806,132.29477946449313,139.70898691338178,157.3183852141599,161.5158802631332
STORE_11,PROD_006,13,130,131.9991490080722,135.40688722925537,136.1161950861941,139.5409580999728,139.5946169983339,140.10064618237965,140.2856054081318,141.61941583808863,142.0020023332346,142.4355435227664,143.46821051902236,143.83889865042028,144.35083204602125,144.38420073275026,151.22818555160077,170.4342579508139,174.7333775841206
STORE_11,PROD_007,11,77,96.67476590694196,99.28268104428234,99.7169891474537,101.16435364001879,101.37670293928294,101.71899644706315,101.7252247122743,102.10293508374228,104.04135992532919,105.14706205074538,106.31382274098534,106.88710848300339,107.37115366708174,108.59326763297526,112.74947915085082,131.74573217858082,134.73305674429028
STORE_11,PROD_007,12,76,92.31464857925195,94.62501206847318,94.98027493536638,96.30958874061918,96.54152655832735,96.91119466196928,96.9820205778859,97.28368192058238,99.29451892034395,100.34963025237758,101.68288250029443,102.21031580998064,102.73864648218859,104.04092536334838,108.3586178208948,126.86137849985955,129.51562359126893
STORE_11,PROD_007,13,82,83.38971127735311,85.63826366006421,86.00269048651842,87.27412357533294,87.40498240166549,87.68918057215826,87.74510144667305,88.09133779895566,89.69584681656094,90.61016921889637,91.57546511519374,92.09082985096852,92.51127475835355,93.52711284884234,96.77519100571763,113.22855821894201,115.60246851654533
STORE_11,PROD_008,11,86,116.74772376044587,119.15230266555228,120.53616138406699,121.47327401454203,121.72246882104153,121.78140668943894,121.84958647585808,122.50368114848148,125.1291455224098,125.53942947829655,126.51380486055997,129.883506920997,129.96400345139153,131.03859896519796,137.06190926477075,154.48270684709252,158.38542037132038
STORE_11,PROD_008,12,105,104.59027850475451,106.50190445274215,107.44404571210161,108.14671228611329,108.21204438812401,108.56553106583708,109.13918370276551,109.2993585661318,112.70214725035329,113.08106710598298,115.28540819716899,118.28289918944616,118.72371554468975,120.52216953351115,128.45055284372597,145.35988421025883,148.64621181901387
STORE_11,PROD_008,13,91,108.05041026201687,109.99003854308909,111.1161223602169,111.90825975446133,112.09483293683384,112.24521013895931,112.58530098910083,112.98677676007902,115.93396574607213,116.31259377558358,117.88084609438019,120.98666689301206,121.24851705594405,122.65872291744381,129.4511712996281,146.35543793822885,149.68969844961813
STORE_12,PROD_001,11,98,81.15815909726848,83.66398453633933,84.03394765713574,86.1667956105502,86.24662345739308,86.40661258605073,86.60973173568902,87.88421061688621,88.96522824711116,89.0160133833073,89.73386098184037,89.9922867639993,90.15722110281828,90.19587948161532,93.36033092604147,105.82356334239552,107.74791305438983
STORE_12,PROD_001,12,79,88.63358187832549,91.45758317623789,91.8549336695357,94.16049770844904,94.27017414197701,94.47078699265033,94.732637545627,96.05687642210191,97.35559716389977,97.38527352100489,98.28282093958363,98.54330123394713,98.7796681597161,98.79668374740228,102.64713346976042,116.19798551719687,118.51076037241837
STORE_12,PROD_001,13,75,85.59080281687903,88.39853528328807,88.61515437126742,90.7050697694733,91.02299532507153,91.13844713999455,91.72674347659681,92.80138281536392,94.58802352421436,94.61357277895921,96.17402687080119,96.34432971309984,96.76441720873757,97.18864766505307,102.24491134788731,115.87141461635339,118.16357174925616
STORE_12,PROD_002,11,57,77.70078830104367,80.4556452436613,80.86258325503607,82.54134269042464,82.84054413853308,82.9109136235738,83.45793747741358,84.123621066105,86.0526363347848,86.13447217460269,87.9216459070079,88.51819141236358,88.99990080703458,89.32521294583907,92.95265068541305,105.36946547730854,107.4007244312276
STORE_12,PROD_002,12,89,69.23674409495811,71.5409353043227,71.81180589752094,73.24236905930641,73.60502399463783,73.61495821612804,74.25572043763799,74.78497019643511,76.735968181686,76.787513416958,78.71485678437008,79.22411659261627,79.75638341417698,80.23395255636879,83.91524293841846,95.44038921412687,96.98506573636126
STORE_12,PROD_002,13,88,75.62312480152582,77.87583918242233,78.45100713571526,80.25784153600405,80.29625923705974,80.43213287129228,80.56105980707606,81.49796407763884,82.70106443571606,82.75239120917962,83.64093639778875,84.30712071655229,84.36978385716783,84.5475716140719,86.17952779724362,97.88174362188546,99.41538609849674
STORE_12,PROD_003,11,110,94.27254872289825,97.53860812369743,98.47003616010285,100.7494288975002,100.78478056018587,101.1266941154134,101.42358639097806,102.19887133251852,102.87938031256002,102.92502620990795,104.92992922438185,105.25287086168075,106.15739915402943,106.76738866265241,111.00017558562568,125.55053567680214,128.2320418209603
STORE_12,PROD_003,12,118,100.96883943314984,104.37464487866882,105.44259189778239,107.93572833518775,107.9404456570815,108.24685432674093,108.48073459107812,109.37673413618336,109.91068710046503,109.97228255657774,111.82265648636799,112.19430320070148,113.06996095499817,113.55298482162814,117.63852417093233,132.98899965336227,135.87019153052896
STORE_12,PROD_003,13,128,109.08257028610831,112.91184891425151,114.07459877927592,116.75989020849605,116.79531353948174,117.09973887125521,117.38860471490749,118.31402951828076,118.92786199423378,119.016321862166,121.04086908430968,121.43047112470829,122.37581327184458,122.91849562450892,127.53327868320622,143.9720544848316,147.32741609488195
STORE_12,PROD_004,11,58,58.72559992822663,60.71852655004889,61.32038297450352,62.419275710699104,62.47591272821189,62.810038896475085,62.90545521177504,63.545643636182284,65.73441342297126,65.75032798649282,66.356316502864,67.30160975757873,67.51444944887912,68.17860151133127,71.03198557044897,78.23688008560184,78.93465266991184
STORE_12,PROD_004,12,53,59.761069937690365,61.91692300168261,62.48790605829661,63.60565691617066,63.61382521728979,64.02379872086142,64.21104990893511,64.77986057279625,67.21752067823286,67.22347717591941,68.0696310349656,69.015100295428,69.28973441305668,70.10834460780683,73.5094446525557,81.01438907089953,81.6102515140641
STORE_12,PROD_004,13,79,59.20989030518613,61.394911259359894,61.91900120354325,62.99095186325031,63.01883857265944,63.46046644011438,63.71769839447636,64.21824684593392,66.80544791428196,66.80900919012822,67.84519080124622,68.76912029697576,69.09569227438496,70.0314776722469,73.79456550342013,81.36157769406174,81.9381834631368
STORE_12,PROD_005,11,133,132.6307822273856,137.70378412397284,138.30854853759885,139.6705211331051,139.880644998798,140.51980342007684,140.65669765779967,141.67297541824206,143.16132245436398,143.2784970484694,144.6079047992243,144.83983239261565,145.54217504520713,147.95025058600513,153.81330464174115,176.63884978119478,181.35190116477867
STORE_12,PROD_005,12,140,132.51041927391856,137.62486101967335,138.1789075670472,139.48384974032433,139.75883845981338,140.47823686341854,140.51573656376794,141.55963930951702,143.20757715024138,143.32836259289948,144.86814322078806,145.07316432479686,145.83534747085588,148.38253356709447,154.664045557953,177.63605151118398,182.3934670342653
STORE_12,PROD_005,13,129,135.71482521248421,140.89501379890928,141.5063274471455,142.88553631826775,143.1134618761216,143.79265282002922,143.91203184942938,144.94690783003895,146.51001325111687,146.63678426921916,148.04233966796195,148.2710713886249,149.00019228989007,151.49636738598298,157.62902408920152,181.01587913008257,185.86535326588742
STORE_12,PROD_006,11,124,104.05884718694173,106.87837943856522,107.13719630995736,109.61686682794834,110.03499733124384,110.23751391189522,111.0118312502812,111.71123442917678,112.85253365513118,113.14608952567781,115.23239947830784,115.40166480195842,116.15819541530658,116.94918569973015,124.69924868711331,141.04130473057836,144.20271848642204
STORE_12,PROD_006,12,116,113.4211312189046,116.25522159187308,116.81027152889227,119.72675714847318,119.84009949113452,120.1986998570723,120.50234696277299,121.59599932242305,122.04738957042136,122.35981963978641,123.52146915176512,123.83191913774729,124.33443658422792,124.53625966790332,130.8497239164819,147.8606854532847,151.14649094966626
STORE_12,PROD_006,13,132,111.7822131523223,114.61586779781973,115.09634786720562,117.91665070501651,118.11275691595921,118.43479344639519,118.86756450207099,119.85981461831761,120.50268738289084,120.81443162770101,122.23446409862144,122.50827555223238,123.08237291884434,123.44533034523913,130.20902323539508,147.17868748154106,150.45211370334184
STORE_12,PROD_007,11,148,123.96912916466675,127.2841677730372,128.07224435464386,130.08440078963673,130.28996629278083,130.4187429004332,130.54669218861704,130.98702859871648,132.97444392495456,134.3945070699531,135.22941839832262,136.0154208299663,136.3553035317371,137.61341219100458,142.256208346955,165.90557490817625,169.8946766004257
STORE_12,PROD_007,12,116,128.95528137980233,132.19026959256718,133.20551358808115,135.29026252951715,135.49302515753638,135.554429295343,135.70921508492998,136.1577257749664,137.58374386628242,139.018396528089,139.06633454227267,139.96857107785797,140.0894445936267,140.8727472171414,144.12117729557642,168.0185225897505,171.97780833939896
STORE_12,PROD_007,13,155,124.17150531447447,127.4129448012645,128.12216965757455,130.05222576074195,130.32693778106625,130.62145647366825,130.6243990223853,131.06694644028858,133.3269500211658,134.76978375753893,135.9473688517334,136.69627727744253,137.1315583060255,138.61081070073706,143.9465174954064,168.0185225897505,171.97780833939896
STORE_12,PROD_008,11,123,131.13984793282933,133.59416541972212,135.14117989531934,136.18715693925017,136.4564608932034,136.46662704270796,136.76109793062915,137.307813324847,140.47592728519737,140.94092280830483,142.3290041039704,146.1071570221905,146.1934783390712,147.69105820685436,155.4046025518737,175.40577805817915,179.61595804896763
STORE_12,PROD_008,12,112,128.07413160561117,130.48767131328378,131.88793964678874,132.86122670971898,133.04769458785415,133.19363935430172,133.67532742789996,134.03673716965454,137.54352066134322,138.00655105761876,139.87811996528882,143.5612477032083,143.78523665137897,145.57512830231417,154.12865930845533,174.0806602605514,178.22720355631878
STORE_12,PROD_008,13,121,126.816737634471,129.2790274715311,130.5757515612299,131.50204829279335,131.61169866400925,131.88539083759392,132.5190591782269,132.72916844439013,136.54876503156223,137.0175076749875,139.3004099947866,142.94240750933423,143.27932948520564,145.32541120603798,154.66565573319122,174.72288363094867,178.9215808026432
STORE_13,PROD_001,11,42,52.68974493972293,54.35708844084146,54.43497767094221,55.76063097711051,55.89629862702204,55.95603279369009,56.198047234619786,57.09019091160158,57.95828308452402,58.047455338563566,58.805686634818514,58.96397094905486,59.28424862501577,59.36481828024743,61.401088151667935,69.92535549394667,70.86635642509032
STORE_13,PROD_001,12,62,49.46970591682714,50.97313767040253,51.002155131724706,52.141478639670545,52.33139403639036,52.44768301078952,52.80575125111216,53.545701222320204,54.64199553968249,54.73421928492556,55.82884915058786,55.936004958085846,56.35146607885996,56.6531448643062,59.239616187353825,67.63248676739211,68.42707251107254
STORE_13,PROD_001,13,49,52.228436425560936,53.764635053092,53.92800105174062,55.3164278964325,55.36934833670219,55.39690108424476,55.48925593422283,56.49380295809709,57.051227413292686,57.14943852930643,57.52002765713511,57.723923466800734,57.800648441017564,57.93963426742422,59.049353628281466,67.28231492530757,68.07860338049856
STORE_13,PROD_002,11,81,71.59971082989858,74.02114330449463,74.45053776452447,76.08085689359591,76.24266636633209,76.32132578273084,76.58358710573907,77.42135842021193,78.84766729637828,78.92969820636138,80.0850291556503,80.67913693974172,80.98347853193765,81.0727365430664,83.09067826265624,94.1300965867269,95.95613382641602
STORE_13,PROD_002,12,67,73.81002762035871,76.25580208925439,76.7106857809551,78.39533476692199,78.54970359727717,78.64522628108331,78.8972804878341,79.75891423757167,81.20746742801954,81.29898179915202,82.45284012397795,83.0650420279642,83.34669288211663,83.45727875577667,85.50245209235115,96.86180101275731,98.74388687100777
STORE_13,PROD_002,13,86,70.01825183698199,72.37893790748434,72.70313828841283,74.21058210094782,74.49476084483236,74.52437557469821,74.97868502404101,75.67140302391643,77.38439441211943,77.46923756648478,79.01288469952743,79.55428594584893,80.05596313170349,80.20593785442367,83.03063895634779,94.18207887650246,95.95613382641602
STORE_13,PROD_003,11,80,77.03273025179931,79.74706821740006,80.25363445600944,81.92609951002699,82.09254604909633,82.5404601458899,83.02627763662382,83.48473606461106,84.68663685869566,84.73727630625396,87.24841318632024,87.41853195856062,88.51181921212104,89.40282356650559,94.07661280842491,106.62049542641255,108.84949165765285
STORE_13,PROD_003,12,79,78.34415473788127,81.02016829985779,81.70563027115898,83.56912999635401,83.59030137600047,83.94627561826509,84.15146082515535,84.87601813445251,85.51978061723709,85.55842367578938,87.30145231081669,87.56727372114338,88.44041971397648,88.8708077562289,92.0843425255255,104.2407105339843,106.41020774363507
STORE_13,PROD_003,13,74,75.96601253517807,78.63739616816066,79.30929056820386,81.13132765017606,81.13255975232549,81.48266930950956,81.65281719715472,82.38640533721023,82.9662878281535,82.99498815102586,84.63420355547132,84.90189642357483,85.73706507976357,86.12149278738872,89.08463506498397,100.80432415507981,102.92551643789538
STORE_13,PROD_004,11,59,56.00130804462736,57.98046532239589,58.56390286304673,59.61329904859346,59.70618132281516,59.953978042799825,59.97528711392785,60.68666190681646,62.613447123954025,62.615824280668434,62.97888896818796,63.89174525735437,64.09486845161857,64.50046996918265,66.558115086895,73.3056403391081,73.80373628703894
STORE_13,PROD_004,12,52,56.61085862224152,58.661691143836165,59.19312846668458,60.24796273922839,60.280971781622604,60.6451345064389,60.736583328676815,61.37442839219803,63.579600388432425,63.58758220529481,64.24323800930868,65.14392780267376,65.42769134335308,66.0206496804053,68.71859596744531,75.74492425312586,76.20790421030404
STORE_13,PROD_004,13,44,55.77007894973239,57.84193337714007,58.30719735197309,59.31864553438902,59.33513730613205,59.76472390764842,59.952140064152516,60.49543292854207,62.90013029963078,62.91116244399684,63.82512927994563,64.69464748138964,65.05028608517742,65.80360718287734,68.99370764945556,76.09339338369983,76.54347722638397
STORE_13,PROD_005,11,107,114.30697679531303,118.92824265055988,119.30066477254624,120.38279726658834,120.70178375995454,121.29094827359206,121.29230596988218,122.30199013347102,123.84965057741587,123.9843898132576,125.40544350162467,125.56882465729346,126.3882962239383,128.4680771579395,133.61034533654225,153.23588355501892,157.6351699380084
STORE_13,PROD_005,12,73,111.17511306443313,115.64972212049351,115.96641753546263,116.97513999758945,117.33993348499023,117.88889938364908,117.96944603273124,118.90680189671184,120.53673935344686,120.66405512881491,122.21857845430048,122.35873719652437,123.20840367019268,125.34228863597863,130.63629611872915,149.91702448350597,154.15047863226872
STORE_13,PROD_005,13,115,99.11803738403603,102.53328389464632,102.56520790107226,103.21135399507497,103.83894807791879,104.19907550678371,104.72811630027385,105.28415992734232,107.43964063975126,107.54248175292,109.88814871903506,109.90254154264146,110.94737174761816,113.46741741490844,119.88168748955513,138.40931188407066,141.60558993160586
STORE_13,PROD_006,11,72,74.84852163794542,76.99990298231374,77.23222693367542,79.12751125071047,79.3059709578634,79.39877875570667,79.68937670576841,80.52997501072984,80.94394339742512,81.10765157914088,82.06657265402134,82.27721077213104,82.77642664805906,82.89342543419602,86.69469371031032,98.00945126481494,100.13776339330364
STORE_13,PROD_006,12,64,74.0701973090228,76.25226793088186,76.40584410150582,78.21841213398102,78.4923508734976,78.55036166935976,78.99117339539598,79.72235399074383,80.36234368701601,80.53111580757583,81.79662858192546,81.96714353682643,82.55255671658429,82.85577743927253,87.24987862862505,98.67030127449914,100.83470165445158
STORE_13,PROD_006,13,70,70.13038242323879,72.1544117814966,72.24606264090828,73.92605752373291,74.246851304604,74.26352614134589,74.77548355810009,75.42667936813211,76.16125334508142,76.31244937796718,77.7032043807876,77.84702969052742,78.46167448191798,78.85935843801713,83.31368953426046,94.35055109113108,96.30460295699
STORE_13,PROD_007,11,88,88.4719890265792,91.02013074227303,91.3555484997679,92.64954763591278,92.8562818887392,93.2135825575423,93.22247858659647,93.58749846001193,95.46069479132963,96.48181599812719,97.65732210741709,98.172850594223,98.70290953835672,99.81837877949745,103.60170701740628,120.95459010480496,123.83366427233348
STORE_13,PROD_007,12,68,90.32510223913044,92.88369095204186,93.32375759250432,94.74175696771705,94.87791728797144,95.05640847791909,95.18702923980837,95.56368127380473,97.16113261414623,98.18303958551995,98.98034873622925,99.54874127740659,99.97380878088887,100.85759536712428,103.9516490754535,121.28652626865987,124.18213340290745
STORE_13,PROD_007,13,106,80.39633302605338,82.59315413644586,82.85995028732073,84.01741755256641,84.19612378196157,84.5661608954284,84.58048697540279,84.91643941221976,86.67419348854244,87.58247933589193,88.75188348089537,89.21924790555119,89.73897742255264,90.80858001064827,94.27569589296763,110.28959261309218,112.6826520939665
STORE_13,PROD_008,11,122,105.34676462743332,108.00891907783488,109.12206106428246,109.91819912905984,110.12223090320717,110.2328429043877,110.4771760202401,110.97286345100554,113.73772417791106,114.12780564668442,115.4676153772406,118.50829581367404,118.77060475932402,119.95010486171985,126.07218741285854,141.7946815070367,145.78721949849347
STORE_13,PROD_008,12,92,110.64621087497736,113.14564441199558,114.40206206752823,115.27958502510519,115.54516656741305,115.55089168840486,115.6701362917993,116.307873709877,118.89435743882561,119.3031727458898,120.3109403064065,123.49905250720434,123.66181055507259,124.65120374061281,130.34055015393363,146.69933319942197,150.66578732652903
STORE_13,PROD_008,13,116,104.21018989890459,106.4907268930309,107.45354282292891,108.18284147436412,108.27277721883856,108.57263962616166,109.04287517006573,109.31541501222375,112.55055181354591,112.9510989791493,114.90206894327238,117.88904267228021,118.31941319978716,119.87956564722225,127.18255724948801,143.47601487310024,147.18109602078934
STORE_14,PROD_001,11,65,63.02421692217375,65.14896091058205,65.32450828577736,66.93654530923567,67.1078058083845,67.12161479971273,67.43044484946324,68.42978776692397,69.42033939850181,69.50369773397733,70.32293956758339,70.5105684599008,70.79225134567314,70.9033703789889,73.5729325049692,83.53007834286488,84.91349563891863
STORE_14,PROD_001,12,67,62.65298049557046,64.77694901896923,64.9439392644944,66.54141776368041,66.720655355194,66.72956114132333,67.05057702974183,68.03765954303634,69.04231261704774,69.12618165173241,69.96824698472552,70.15195769186366,70.44043523810248,70.56737471954033,73.26872975352762,83.18757465215843,84.56598688890348
STORE_14,PROD_001,13,62,65.36240464348177,67.74817772104095,67.92222254160664,69.58269849884506,69.77745577393476,69.80061394378464,70.14998897394601,71.15232968760111,72.25094250369969,72.32612656207246,73.24988120072628,73.43269509567965,73.73788906407505,73.89246747154691,76.86458158327359,87.09082345068144,88.7360918890853
STORE_14,PROD_002,11,48,82.05309832920949,84.38365195106105,84.79303390446097,86.53005287527293,86.86725587413483,86.95274611231025,87.54902443199236,88.21524938987335,90.31005881407697,90.42148209308627,92.35196003834906,92.96226901333803,93.49969307570359,93.84869722465432,97.81491270260022,111.26294535045102,113.06170439014585
STORE_14,PROD_002,12,77,64.04623197543904,66.02524358562803,66.2044760772945,67.47773667902543,67.84026360002407,67.89959599297875,68.54772353066637,69.00270085239283,70.97158365712528,71.01337894900755,73.01687036994697,73.46999843706568,74.04844014110843,74.59099584320413,78.25460049035402,89.22348199545183,90.47363563916105
STORE_14,PROD_002,13,86,71.38034875152425,73.47278106413063,73.92536070463639,75.55989703404623,75.70320986696355,75.7794014647929,76.05437584544535,76.86342061817949,78.2495741901718,78.30038386850462,79.46209488280962,80.06119847966275,80.39284952606023,80.40089512098345,82.595310791866,93.93542072748907,95.33875813937316
STORE_14,PROD_003,11,79,82.5905801913944,85.36499551866375,86.2259462951998,88.22941176992926,88.29984264499247,88.53153039656385,88.61094749257855,89.47555148358163,89.7916684813332,89.80322562998668,91.18681229206541,91.52417560063516,92.24310492801953,92.5181913009317,95.23537338353,107.80076737352533,109.9341256400095
STORE_14,PROD_003,12,95,80.76423104733593,83.57106550650984,84.2896017652524,86.20212779709236,86.23683493029704,86.60787999980782,86.89193039901292,87.55416590162253,88.27881869425549,88.29603471770966,90.23685305010581,90.50108444541038,91.37652270804486,91.99184124394682,95.75099086757285,108.46369975614073,110.62914314003979
STORE_14,PROD_003,13,92,87.05434631935418,89.96869675608416,90.84953016780374,92.97086895660053,92.99646631961528,93.2890022241362,93.4517051329593,94.28381064950163,94.74991656720023,94.77945801824956,96.40483922470136,96.73440041909772,97.53480864789073,97.92820366786593,101.21572415601086,114.55707826686421,116.8843006403125
STORE_14,PROD_004,11,48,54.90074967686202,56.80560676481968,57.23937076764986,58.19818803775785,58.23551279760062,58.68990967049822,58.957689353278,59.40786057050433,61.9144090130522,61.92599938570031,63.02749073044444,63.87646172520229,64.24288046310063,65.17865507443632,68.80857140263865,75.87826813852472,76.58440826534326
STORE_14,PROD_004,12,70,54.167494728800825,55.980917313830695,56.429388171741856,57.40123390512731,57.41145607669886,57.85095617194747,58.06785678739905,58.555941593486615,60.91959327795847,60.93745934809205,61.90635173394747,62.75287799879737,63.08522942040696,63.93572854318624,67.25629658112372,74.14072438844896,74.90293191485284
STORE_14,PROD_004,13,66,57.92281962365038,59.71463700802945,60.375263760591004,61.465666468981745,61.59658512839556,61.75031412854298,61.80946901593086,62.52388946025165,64.3446561710129,64.36584097778095,64.57707038705547,65.53382082215532,65.65578381740028,66.04452892362437,68.00165161735083,74.83574188847926,75.6197594496459
STORE_14,PROD_005,11,169,165.52194913362493,171.68965214013372,172.39748723409065,173.9942674737066,174.337649757525,175.30412260141523,175.37235797407175,176.5664430358227,178.7012723416126,178.93952863706542,180.84096164484137,181.0624593089184,182.02554800437184,185.15168161696403,193.32953449026047,221.8597165677484,228.08710064516075
STORE_14,PROD_005,12,168,166.97415552964813,173.177699706585,173.91976331922248,175.55956915136935,175.8709024122593,176.80567783957883,176.92761815017883,178.1130466407056,180.182924063464,180.42341158730122,182.22886829712118,182.4655511916593,183.4039114412417,186.48323323419183,194.52298271392272,223.2041527435233,229.47713564522135
STORE_14,PROD_005,13,178,163.8879333392117,170.13304191235684,170.87862001648395,172.51263847276346,172.79463730782703,173.67642558649047,173.8333318956845,174.99562717534027,176.9638536593656,177.19402178799118,178.887783811164,179.13261274790716,180.03343762926505,183.00391667185315,190.70977341208416,218.7022553358234,224.95952189502438
STORE_14,PROD_006,11,96,109.02371785382246,111.96162886841192,112.44784380303754,115.22587068322993,115.38372282559709,115.70316994860347,116.04965746477214,117.09056229261905,117.62399803086284,117.93304798687947,119.16963876974388,119.45405008074563,120.00321663236711,120.22793969093685,126.43035191427511,142.71055434916101,146.07503564158517
STORE_14,PROD_006,12,128,103.79499772460466,106.59930455527345,106.89475411409626,109.40432043502942,109.76431277219237,109.98568315667684,110.64607718585995,111.43030907299755,112.42533965797485,112.7257435069358,114.58333223274559,114.7757114979325,115.4953813550347,116.11332920846282,123.32828509355075,139.4044479422023,142.59994814143366
STORE_14,PROD_006,13,98,116.3599383782539,119.39456705442204,119.95982088896962,122.94881215041882,123.06612707923226,123.44617841941063,123.7377179388497,124.87103382013646,125.3406281864002,125.68330473485847,126.84444501257971,127.15923009299372,127.69346828657484,127.84403844176839,134.25775167042679,151.52062386200095,155.1102631419791
STORE_14,PROD_007,11,105,117.31379883624712,120.66236723299735,121.30652106587245,123.12671687148337,123.38375238306833,123.66540991417325,123.68653546341345,124.11951691386089,126.27776087515778,127.64590354831341,128.77307225433313,129.4818753545057,129.9345017255812,131.29538896056738,136.2183729754423,158.77131703417265,162.7554556423124
STORE_14,PROD_007,12,122,111.41087436597738,114.6184566796461,115.2251070203102,116.96091026988564,117.18731258620117,117.45199684860754,117.4920534408295,117.908880112109,119.93953353304053,121.22519047714786,122.28736520091377,122.9675516197059,123.40039796756189,124.68325800270156,129.24974357575132,150.68163302346014,154.4152456419488
STORE_14,PROD_007,13,143,116.54021477659225,119.80513725238076,120.56920426160212,122.50917579735697,122.6542395770414,122.67425612544693,122.89335173046203,123.32095789901082,125.03750691516764,126.36069967438614,126.94350005614905,127.70747161541901,128.00774207064083,129.0142634656302,132.81320099754885,154.73492049236492,158.5853506421306
STORE_14,PROD_008,11,85,92.60464089953868,94.3674937821992,95.21048463005702,95.80967567546611,95.92277672435017,96.21563761213001,96.67056950585729,96.8713663831199,99.79853031577314,100.08963290912627,101.99183128720304,104.66747744581106,105.03088644640962,106.61674283386594,113.37146607730794,128.39764747315016,131.13215939093368
STORE_14,PROD_008,12,109,91.59283860665761,93.24263386630106,94.14470232284495,94.76255266353627,94.94006457561905,95.12784938718802,95.44693009938663,95.7710610783658,98.38449891622966,98.65895241442658,100.19876545386768,102.85019261532304,103.11983091219659,104.46943486487218,110.42222658173233,125.08516386356122,127.65707189078219
STORE_14,PROD_008,13,120,97.16134734054816,98.77853720237412,99.91719768353427,100.65474440185392,100.92154399885781,100.96898129934213,100.97626243831682,101.58166753516754,103.68777884791359,103.96947007677092,104.76579534209887,107.58420215503061,107.64052947156068,108.54378317593695,113.24192312603637,128.17227958988943,130.78465064091853
STORE_15,PROD_001,11,49,45.681771200145654,47.05822756201675,47.134688287305366,48.31580923105924,48.36789238554828,48.46152155259182,48.60429577808985,49.44805409091745,50.048838134493934,50.17502483672837,50.717254393165504,50.88236309047292,51.13183778576751,51.183802736708536,52.608838287630064,60.14519380202139,60.645505971387124
STORE_15,PROD_001,12,57,45.23374033373148,46.612368190706,46.690917872546834,47.86530556769563,47.91014772338319,48.00466030718706,48.13600620292507,48.98157536574769,49.55772721933902,49.68551853140364,50.202171153100984,50.369050897077535,50.61232107686568,50.65258471493303,52.01089548792928,59.45648887047771,59.949848217650946
STORE_15,PROD_001,13,50,51.044378503768904,52.71115247294982,52.84322841751732,54.181045713893894,54.25221188576834,54.30133802227561,54.45439304369985,55.38553617628453,56.02210047868058,56.13428635125474,56.647828216445546,56.83355847453068,57.061467083564665,57.066476446686025,58.63193123468043,66.77330154422422,67.60208350874893
STORE_15,PROD_002,11,84,66.59506400690515,69.06671712321453,69.42696795781346,70.91794139754097,71.12566464213246,71.15473594524883,71.51285110583558,72.23710404954412,73.70173937889507,73.74798343461933,75.05047011753352,75.59618170198324,75.99718650669,76.08420494138787,78.42408293111478,88.85220202684862,90.55878938204286
STORE_15,PROD_002,12,76,73.2614265614117,75.69104354631789,76.19816717592659,77.91812589789245,78.00825450475004,78.11705599295553,78.29600509782541,79.1931712164502,80.4769084925858,80.54204080786248,81.5270116379044,82.15868514312658,82.31281601086573,82.46653018897796,84.19186942835725,95.41541821839022,97.16753804253656
STORE_15,PROD_002,13,74,74.94083617514985,77.6177279476674,78.04382495856505,79.71145169223908,79.93507920694721,80.01439574954196,80.40683061001664,81.17044927719866,82.83664743529894,82.92075676425408,84.37036608113364,84.97055861792266,85.4041958559631,85.50348974270463,88.33380407622023,100.0250474202977,102.03714231868983
STORE_15,PROD_003,11,53,62.252730642377244,64.30349612702905,64.7647894128444,66.2034382689429,66.206582631173,66.6027413941178,66.82528300230516,67.36712899916543,68.01369772807203,68.04746239968136,69.73836300150326,69.93944266443485,70.7204054298197,71.29049785540685,74.17844402690083,84.3890677123059,85.6891851058896
STORE_15,PROD_003,12,46,61.65475863421126,63.706330528116204,64.12937142153106,65.5233383443436,65.55314619188842,65.9671393862997,66.24168224532404,66.7307815823307,67.48262113175328,67.51536316904179,69.34849229018585,69.53040593938293,70.35066964386957,71.00775579085632,74.15661155187958,84.3890677123059,85.6891851058896
STORE_15,PROD_003,13,54,56.47122731370704,58.20269701691136,58.54924688346447,59.80357943729407,59.8279786960044,60.252651117672166,60.521980327346526,60.96404143304,61.70381734495079,61.75372867566866,63.53932499049864,63.70053583487196,64.49683837771745,65.16765297556012,68.13897672358453,77.77958424164704,78.73260756852781
STORE_15,PROD_004,11,63,56.17944142553419,58.19238258995382,58.7575854252423,59.804391645626936,59.871798279866276,60.18776132045695,60.239860399837504,60.90164767459133,62.96318456732159,62.975312955270645,63.50632371698684,64.41485995617803,64.63813705279141,65.19725063257842,67.68977911285312,74.55866104611073,75.11943753443931
STORE_15,PROD_004,12,59,57.81487138249169,59.84014725256929,60.42954843432437,61.51310648900785,61.57714875974048,61.894751756116165,61.95068325420899,62.62512056296637,64.74293465660315,64.74844142256812,65.2824485852549,66.21492788496221,66.43628482877568,67.00157194654496,69.57788522417911,76.64563430731927,77.21775246855854
STORE_15,PROD_004,13,61,57.86213486543094,59.91757258523599,60.47125744972375,61.550668361592564,61.57969909392846,61.953744464173155,62.07659373516835,62.691422736110475,64.96896395584548,64.96988161791737,65.68317263024215,66.60366594303937,66.87318898433013,67.55030502284005,70.49464768606555,77.68912093792353,78.24793259013722
STORE_15,PROD_005,11,140,122.3738977815762,127.21197886719497,127.6415423354476,128.79550831675263,129.12586503710193,129.7811582141946,129.8127099313987,130.81905911410163,132.4880191344639,132.61717688691826,134.19421243346704,134.36327083267773,135.1844323852947,137.54347024977693,143.40181927377347,164.61222237050592,169.16811555423118
STORE_15,PROD_005,12,129,129.20482754099223,133.98761151790043,134.59068081746173,135.9606529339672,136.12196174051522,136.63503193213617,136.88411359485627,137.87275087688096,139.18856530262693,139.32704990111176,140.39060289420817,140.6383655468154,141.32617411870663,143.41970192021373,148.4942036223939,170.4994645172055,175.0812064609887
STORE_15,PROD_005,13,99,127.56040451853579,132.34540612089012,132.8432813413501,134.0903781413191,134.37405621901547,135.03012985043813,135.08716338682365,136.12279548058544,137.7252924183681,137.86658926123516,139.31845843808532,139.51351455292263,140.30940070734374,142.64216124269973,148.43416431608549,170.4994645172055,175.0812064609887
STORE_15,PROD_006,11,129,131.48028429585148,134.95095371857516,135.50845927780327,138.79259803617984,139.03855445063513,139.48123818372278,139.97026087011176,141.0902403931972,141.93283517257902,142.38171076761176,144.04031731367766,144.33216363189618,145.05407900325483,145.3971119594381,153.53808496907422,173.12188813466676,177.51600859906534
STORE_15,PROD_006,12,114,133.1264650412622,136.80399983399755,137.28098548893539,140.53069697999447,140.89584903208444,141.31306471904782,141.99284178396584,142.9944643871245,144.1317445696044,144.60109650574512,146.66349175727757,146.91047250123876,147.74867101304565,148.32547766163194,157.38650633584214,177.4000370849572,182.0377839983505
STORE_15,PROD_006,13,151,122.9916378359186,126.53916015448111,126.91030055585686,129.87125632220219,130.2888390854809,130.623274152759,131.37512659232067,132.25108841691963,133.4684501606131,133.88988910486648,136.0479277604071,136.25439763040131,137.10841821055337,137.78566296990107,146.54166415989832,165.19297085621963,169.51594443109926
STORE_15,PROD_007,11,123,119.30793640869567,122.74395155854047,123.33601248919379,125.12539066767893,125.4455698532607,125.77245022879409,125.82709026433456,126.2202507371861,128.60586966727016,130.03060551554236,131.3835283021258,132.07417287834906,132.6226234312193,134.09685556811294,139.4934276464827,162.53180775232508,166.73331341615454
STORE_15,PROD_007,12,110,121.48430760716116,124.91167752897478,125.65721620567162,127.62415436147276,127.83498598422806,127.93281979684693,128.0896784422329,128.53980897283955,130.49762540742537,131.9147446037074,132.69276240471362,133.45988910911305,133.8481931305862,134.9667456513559,139.29130832915718,162.19418166737563,166.38548453928647
STORE_15,PROD_007,13,131,114.0509092719511,117.4474787020826,118.08040151451604,119.87292949143972,120.10307690227768,120.31927995135688,120.39447647098551,120.82589407599043,122.85227334776981,124.18456323792044,125.16946402588748,125.86975301660104,126.31221571540604,127.52087956758639,131.98412235007441,153.6692631461983,157.68976261758422
STORE_15,PROD_008,11,118,120.28698702206862,122.70992978500783,123.83456778486688,124.6844347614445,124.72586210625614,125.1024780395703,125.7854163168252,125.92988041133547,129.82534947817658,130.29961332997246,132.7602494199395,136.19946501779495,136.6698489019889,138.70488593465248,147.96010749657586,167.07516406894823,171.2550888154397
STORE_15,PROD_008,12,106,120.22152413009047,122.57358583290144,123.86063692514313,124.77475975065815,124.95961817054611,125.1002190854777,125.49089373031505,125.91278260983535,129.16762503193775,129.61750238603213,131.2926088742359,134.74314282239524,135.00324831746983,136.53860139008702,144.17172543611642,162.70273731563893,166.73331341615454
STORE_15,PROD_008,13,106,113.60151768027083,115.78650823724558,116.9416004993127,117.77189683941654,117.9182451107975,118.12904661946177,118.57265316419642,118.90718596880055,122.17133252196592,122.58927417941281,124.42243126547336,127.68290099054185,128.00177424502104,129.60665610366723,137.22988581449363,155.00860220419807,158.73324924818849
STORE_16,PROD_001,11,74,80.18443790122328,82.13263666704329,82.60516901893219,84.76198942228353,84.78610913482275,84.92864459578055,85.26730792066796,86.35482497376658,87.19984601380546,87.40741732239483,88.15538842035566,88.39204091825415,88.43288846932207,88.86188658937228,92.90959241116025,106.32258478200299,107.01708555142919
STORE_16,PROD_001,12,81,76.85193746070365,78.7337705874474,79.10453542613944,81.10880618755859,81.23388457940361,81.32347190091701,81.81192364791133,82.76429776875122,83.81306333930283,84.01963961073638,85.06345052445567,85.29376597205903,85.34535342236045,85.99772887458772,90.48680810305534,103.65021248953374,104.27543077366069
STORE_16,PROD_001,13,88,77.01149902899249,78.90048004425205,79.33989985259717,81.40752683456894,81.44402857612555,81.5628744262496,81.907983877099,82.95761984385204,83.77928636554763,83.98856085065582,84.73582754937259,84.9774340055078,85.00244448921478,85.44921896891591,89.34364243344429,102.27864932815966,102.90460338477642
STORE_16,PROD_002,11,159,145.36354567776968,149.23534166140348,150.68236245033313,154.09843311554036,154.16253535975,154.67895748355784,155.1583718294763,156.21664326389296,158.67718608724593,158.74481634722832,160.8370067867617,161.99426634891893,162.06376321086023,162.6515481783102,169.49018703196822,192.89989818147654,195.43545213446362
STORE_16,PROD_002,12,163,153.07045373558896,157.5178977466283,159.01343185701492,162.62793089675588,162.64285971843555,163.24336730272768,163.83783217233864,164.86704688945107,167.622477104557,167.71128370239782,170.10725676063504,171.346176946123,171.37714169098743,172.157319052198,179.84902888984902,204.37348084596692,207.43019178720084
STORE_16,PROD_002,13,130,154.9978238476514,159.43255885748036,160.96810437667713,164.61677218001356,164.66014097459248,165.25297060713547,165.80929457261368,166.87723251349553,169.5968377843403,169.68842728594814,172.0194782026763,173.25571412828813,173.3126370026237,174.0211517697778,181.64292011621762,206.4317925014578,209.4864328705272
STORE_16,PROD_003,11,110,114.92378319581408,118.09939760277858,119.54372442498318,122.38644967467076,122.47589708172417,122.69201548739149,123.11231376071042,123.8659701488982,124.14471438737795,124.26272938098712,126.3649427724988,126.82509747180637,127.41697355902099,128.61021705325354,134.44866409903437,153.19360986904306,154.9960441623781
STORE_16,PROD_003,12,117,115.15328043105379,118.58272687340529,119.94126533552345,122.78900207161236,122.79246559997647,123.14797691640983,123.74208151192428,124.34050010478077,124.95637495179831,125.06847823914073,127.65176113336096,128.05998135624037,128.78151938751728,130.26571185186654,137.05217103850228,156.05844136475022,158.08040578736768
STORE_16,PROD_003,13,98,115.09121536257169,118.52985374488675,119.94986577097534,122.8013250097198,122.86218584038603,123.12418795866728,123.6029552568264,124.30666447425854,124.69723007579098,124.81298692900857,127.0776486897466,127.52164246004578,128.15695407216796,129.44809382039145,135.61366224366668,154.34261667822116,156.36687155126236
STORE_16,PROD_004,11,40,52.72402410363528,54.258358203043166,54.817924743720994,55.754128405849265,55.84021868168451,56.183986588874234,56.40531857498824,56.82225346930234,58.81805462235899,58.95620601867483,59.734618687275386,60.60609264301841,60.70555671427761,61.79375704102134,65.26896151087826,71.71828028765964,73.25818859938259
STORE_16,PROD_004,12,36,47.952674446741334,49.22602062144761,49.692338188940724,50.51582613000161,50.597131236511586,50.95614816226626,51.177971069229706,51.549769906876655,53.43180886392024,53.57921669539583,54.39999032572406,55.19132853337838,55.32702312975934,56.39618144510486,59.66449400140999,65.54955703768049,67.19030199812593
STORE_16,PROD_004,13,41,43.81519162104611,44.863073782564356,45.266293187088884,45.99508943401181,46.08928054462838,46.43365207001775,46.62199336348709,46.98559555057507,48.69147398132505,48.84829155452206,49.61622914303556,50.34439473646058,50.48865227132067,51.48303889665422,54.38563755255106,59.7235406349224,61.44172799029766
STORE_16,PROD_005,11,233,222.3203983035081,229.0035454189143,230.57904682001228,233.00640576422427,233.0486345378101,234.3892234679872,234.5906093027326,235.73673272054353,237.60617665357773,237.67766522712287,239.69115158730952,240.14015201572923,240.38012739481832,245.51347982808875,257.70673819563945,298.17729516027117,303.3881090090986
STORE_16,PROD_005,12,239,228.56815539038317,235.75773243541494,237.38903918402423,239.88297661096416,239.93440656297994,241.3081376489512,241.52664218025302,242.6897886890045,244.61265016839698,244.6787976234574,246.73714009690514,247.19856593937328,247.43652933777312,252.70898217849904,265.2720081990884,306.6366864271168,312.29848703684627
STORE_16,PROD_005,13,264,230.82940795080148,237.9709763457234,239.65709175850503,242.1665951610893,242.26892502459913,243.54452636663373,243.84353201812735,244.9918747347951,246.81167032547393,246.8777061792741,248.79049572498664,249.27579787036726,249.47021708997727,254.67941152242798,267.0417714898115,308.72424426700957,314.3547281201727
STORE_16,PROD_006,11,177,193.2121901339444,197.2436897184727,198.65449323847753,203.67607474798376,203.77635573322854,204.56136757379167,205.18529185536136,206.44179668941123,206.88348210985575,207.23057167206136,209.25851273687124,209.80588932682085,209.89451851327573,211.26604970026537,224.68599802399112,255.03631878706372,259.1789257175814
STORE_16,PROD_006,12,219,189.32537208086552,193.36211332553924,194.5242762949409,199.35570622333304,199.54466169716622,200.31403071844178,201.39188693498414,202.3055384799855,203.42483711069846,203.77857379598942,206.7243531133081,207.14715061398329,207.49123590459973,209.42822628068683,224.544086936353,255.03631878706372,259.1789257175814
STORE_16,PROD_006,13,183,203.30266813781137,207.31774260043602,208.86656446421077,214.11237855265355,214.29697986571202,215.0860867108153,215.61555446916705,217.00124256547355,217.29237398391732,217.6655530481675,219.53991876420486,220.1403037341941,220.1594885428187,221.445863733186,235.11033730693566,266.9403640932927,271.17366537031864
STORE_16,PROD_007,11,187,165.1055722485053,168.45962671351757,169.81795104668052,172.56830317751206,172.77672629939892,173.0256305724345,173.16981042351483,173.41724048620395,175.92874770829755,177.61165225546063,179.0130553407463,179.96323363777154,180.08898119400484,182.70028754824273,191.14748327365402,224.6578137073149,227.99260262046465
STORE_16,PROD_007,12,222,172.85593867870588,176.14660620289487,177.8318516446202,180.84048463839815,180.98012527478073,180.988757304626,181.09571653134128,181.49815607158578,183.241004766722,184.9506284505001,185.2691320184042,186.0742400249373,186.512495484954,188.17915062168566,194.76291062475124,228.781708915677,232.10508478711742
STORE_16,PROD_007,13,175,186.7467702081614,189.64019953900646,191.66577669590365,194.52887256703858,195.10421892585094,195.12276017417503,195.26241328591084,195.52741068613074,196.73001609511383,197.99739024205468,198.54282823500105,198.7088934728679,199.42279023451627,200.39240284825343,205.81514060700627,242.01504356509994,245.12794498151783
STORE_16,PROD_008,11,187,152.95347213034384,154.5572555772352,156.58138733961417,157.72167900422102,158.0341967164227,158.11386087765004,158.74486310312668,158.8731953109568,162.64643059866486,162.9423082196091,165.11592942196305,169.26040213910025,169.61405881879122,172.15935500519254,183.60661773643858,209.20608973347785,211.88538080107466
STORE_16,PROD_008,12,130,162.28514435848064,163.75686260844412,166.2099403105425,167.5592809511246,167.69180662472922,167.9024485554979,168.22058107001095,168.55340869475287,171.364197672071,171.66138961517092,172.4632215944755,176.48722523885976,177.24485300713943,178.57529157817766,187.68077747083632,213.70559915776434,216.3405698149485
STORE_16,PROD_008,13,147,144.36362734285345,145.62390990621952,147.470508519408,148.50994937541617,148.85192098052264,148.85601842933738,149.60348552489455,149.65649343739454,153.40512859842778,153.6742897075454,155.98231848410515,159.96100159400905,160.22267792654947,162.85847315387056,174.07922406667836,198.66706201416773,200.91876169000062
STORE_17,PROD_001,11,28,34.81856046107459,36.024134590325005,36.16624012854883,36.82250833076184,36.92035235622323,37.121223227975364,37.28687858153221,37.955917979717874,38.78719341774985,38.867547307768504,39.708416380651975,39.791872699933485,40.2526477485264,40.34178425905389,41.5950339592241,47.410517123682645,48.06442083404273
STORE_17,PROD_001,12,33,33.50210023873419,34.58505168304772,34.73836533686232,35.345750500706075,35.43682770516775,35.64862210790618,35.81195326769191,36.45768795496093,37.27303006748792,37.35940046372325,38.20360287456893,38.28275815927223,38.742654547551815,38.85144744196327,40.073387020973485,45.775350079132124,46.302867569996536
STORE_17,PROD_001,13,39,33.60400448208946,34.706499825217,34.80724714016531,35.513850685801536,35.55953939542558,35.7502445479827,35.83157925270845,36.54508843620059,37.187700781624855,37.27926616478745,37.905014373461086,38.01129635870595,38.395495551762245,38.40974909518979,39.19423919430606,44.76529136496069,45.245935611568825
STORE_17,PROD_002,11,41,57.46147525044503,59.52899279802062,59.805479083004194,61.12880874019915,61.26116509502238,61.26953579283228,61.34301015572936,62.25170071914299,63.27606018021604,63.37516451938072,64.05320326788357,64.53194543100193,64.54807709930434,64.99078824903582,65.07861150083244,73.47629857901399,75.19234110035406
STORE_17,PROD_002,12,44,51.28785863697009,53.16681661988839,53.17373219380841,54.15201012489316,54.44987003147525,54.574410329253006,54.98227978398675,55.52396655167526,57.18424150348231,57.27534591039208,58.857601463732024,59.21065528344934,59.89892949727284,60.02973523772837,62.201010795596375,70.52471987469828,72.02154522507091
STORE_17,PROD_002,13,64,48.96623624813101,50.67853163927477,50.725344145264046,51.70664461217673,51.9322506392644,52.0486315331002,52.34385551981325,52.94736043203378,54.35628366982222,54.42435638943015,55.728059062519556,56.09134701946376,56.693279564833524,56.699537016289305,58.289485329938344,66.16659152871657,67.44150673855081
STORE_17,PROD_003,11,29,36.79944119751614,38.19128051914818,38.32236144568536,39.088235671878884,39.159789514847496,39.45936523820758,39.476182767465026,40.004830569582,40.379016213292715,40.432967113277265,41.42715008169081,41.56988814326066,42.21783189060148,42.35832442734119,43.138513372495964,49.14316625574297,49.82597409808891
STORE_17,PROD_003,12,41,36.14048152001234,37.59795751794276,37.661973416103585,38.407865186244635,38.42675253443763,38.82915653033726,38.912864371791805,39.36207960847029,39.94291324974546,39.99217212979886,41.266433712478744,41.374005735845536,42.10200704356063,42.40642452676165,43.70459882150477,49.781715392710964,50.530595403707395
STORE_17,PROD_003,13,48,37.710420328966215,39.163595916235245,39.342430662435284,40.136602862541515,40.2384833644161,40.426266413584564,40.50332391551458,41.03569334979994,41.28950249869645,41.34328048664717,42.17526715863426,42.34114998028844,42.94560801222512,42.98320136422133,43.46795010642053,49.43748204925914,50.17828475089815
STORE_17,PROD_004,11,17,20.352601607479876,21.131115397544107,21.133799353146642,21.36148101355822,21.500196000651393,21.677911864254156,21.769994151544314,22.125414514808828,22.90191244329458,23.026093470852263,23.40891128245274,23.771911711401703,24.08234397732045,24.323702454074237,24.545499731780236,26.925781665488454,27.809749512317236
STORE_17,PROD_004,12,14,20.053615603396885,20.81609035748998,20.83253259808769,21.034762793915924,21.16014603835174,21.386111485763596,21.45219314763527,21.807240806391462,22.6363741451352,22.760043855532473,23.213975926794035,23.567393348875736,23.897476084345374,24.182331421798967,24.53458349426961,26.925781665488454,27.809749512317236
STORE_17,PROD_004,13,18,18.369656232648165,18.97093540091043,19.01790425900012,19.147755109513295,19.272232126111177,19.51450724522147,19.571125806843657,19.908049659709526,20.698837589715634,20.83189282207871,21.313779320380995,21.639487405252396,21.97529411897962,22.282219715242878,22.62197082240268,24.81191774863303,25.797053951541862
STORE_17,PROD_005,11,84,70.02266941612044,72.92648368202052,73.01930009689357,73.40301129956703,73.89011633108993,74.04754805802725,74.31098529609179,74.98854437961586,76.46616550752954,76.57987168760914,78.05271671058401,78.08814884420543,79.03042003803697,80.35306085922086,83.59192466399551,95.89954490062658,98.797154838573
STORE_17,PROD_005,12,76,73.75999446715784,76.75158509009879,76.8978461277288,77.65363582831269,77.86262887995296,77.95849002722375,78.13152580355595,78.96571573483291,79.79178569902692,79.8991004146014,80.48940865631779,80.64462837577999,81.34126870022537,82.12019876266176,83.72837763287832,95.89954490062658,98.797154838573
STORE_17,PROD_005,13,63,73.64069570190725,76.6865458845032,76.74838405672277,77.41113321617237,77.72703853294234,77.9520183977087,77.96526628458685,78.84569060416852,79.93416870756292,80.05029205459081,80.98096578516781,81.09196211705179,81.8907961945586,82.88814164266786,85.16623990594567,97.58537599192313,100.55870810261918
STORE_17,PROD_006,11,37,47.73823523407028,49.33099610713627,49.39610564960906,50.45530355961781,50.63943985492823,50.74971237438505,50.979280988814175,51.62114438846096,52.16434628351073,52.263244788209875,53.220218263635864,53.33236117266725,53.93790886411733,53.98797505049386,56.18537858641299,63.48479697618764,64.97533216888615
STORE_17,PROD_006,12,43,42.72374405868689,44.08863432717118,44.21289027847287,45.06027197889858,45.23606599973305,45.39328746184988,45.643554505417555,46.19584473146377,46.81161050439916,46.879818025949234,47.94512182282428,48.031855691107445,48.64664595508424,48.80422927907675,50.999771135099216,57.77459129126802,58.986051071129104
STORE_17,PROD_006,13,34,43.62070207093587,45.04176131414116,45.10863867684212,46.08042186579753,46.21622065865994,46.34669047357701,46.51895564088922,47.15036585671586,47.60975935035853,47.67643292042738,48.52992788980038,48.64541077868533,49.201249634009464,49.22834237590258,51.032519847631086,57.77459129126802,58.986051071129104
STORE_17,PROD_007,11,72,66.1331982843563,68.49466063517451,68.66633955839961,69.67080051138646,69.76462366807367,69.87785917827446,70.09174293086382,70.45120861430672,71.71476994814938,72.49929199164893,73.09574495743124,73.50940254974468,74.06150488762371,74.41051049947126,75.8523333293989,88.0159280603314,90.69400982396051
STORE_17,PROD_007,12,78,68.81613327606112,71.25590387588457,71.46633246102442,72.53445713539108,72.62278644951942,72.6877433785974,72.93562840590513,73.3040728766665,74.54266126582114,75.36216938662518,75.87522812118749,76.31294273141742,76.85143598430551,77.15129896947018,78.51323954254883,91.04771290292601,93.86480569924366
STORE_17,PROD_007,13,69,70.85417706367883,73.27097796429216,73.53374856659615,74.6732357546542,74.71891298856717,74.73703401530187,75.02757750944822,75.401610663761,76.54234748920955,77.38046853086878,77.73344795183556,78.19996686086077,78.69924042114413,78.90172367146862,80.00910804362147,92.78638181682604,95.62635896328985
STORE_17,PROD_008,11,83,65.18201013618099,66.91459564397968,67.36784974118383,67.77299967889824,67.88661721109152,68.14377815428978,68.24166267710011,68.69918617330917,70.69380657802012,70.95224163997196,72.0751818718966,73.93769218322952,74.43134216949922,75.0302136988238,78.33483483605713,88.14419430079744,90.69400982396051
STORE_17,PROD_008,12,72,71.91849048105001,73.64259756388032,74.29066254494948,74.80959894361816,75.01908791809264,75.0212407671194,75.10801537297327,75.69506403166048,77.40793023131585,77.69567976338772,78.31337503728119,80.36679430784741,80.72470877939898,81.01171644298992,83.58048159367934,93.97294696798566,96.68329092171757
STORE_17,PROD_008,13,49,68.9634727480996,70.6796248991042,71.22124324041465,71.68226624089249,71.83164686050175,72.02379437632302,72.0534301071459,72.59894130330227,74.51396528819895,74.79237613227984,75.72752248393566,77.69467796123993,78.13922206915996,78.62201373438884,81.70756544648292,91.92543407838451,94.56942700486213
STORE_18,PROD_001,11,54,65.47687794592443,67.46129387287499,67.71635115233502,69.4334469009965,69.54185497471663,69.58449518261466,69.84886070584433,70.88522431647817,71.73889059332177,71.85449379314421,72.54122731308034,72.75842281933026,72.94124681122165,73.0708477668984,75.7561564468697,86.2411764596583,87.36319472680665
STORE_18,PROD_001,12,49,62.54738831543666,64.47957264389231,64.57376111374118,66.09401123084972,66.35142347863298,66.38549191074904,66.90203948457237,67.71624899882013,68.99368239584288,69.10618453837466,70.37236069995443,70.50974964369944,70.85411494570955,71.34096464655116,75.06769329996973,85.60167292165954,86.67073824159986
STORE_18,PROD_001,13,81,59.17661588250732,60.84862732683089,60.90607538377021,62.32531488620233,62.570843488883185,62.633134951161715,63.14017151168145,63.901572553058784,65.15697434013738,65.27629159049145,66.55756772563251,66.68171762534367,67.03953917431605,67.55404631681475,71.16851437380552,81.36184458387548,82.16977108775573
STORE_18,PROD_002,11,120,97.821045672341,100.78491904892495,101.49605666967119,103.71991072447395,103.88741453149959,104.12311288368964,104.549536649848,105.42405636656626,107.42068336785458,107.53630133039431,109.22516892399933,110.01238006329214,110.36131611756305,110.5692566631129,114.63878333340561,130.09461663607726,132.3728662652479
STORE_18,PROD_002,12,115,109.93070862876237,113.60622289983141,114.4931896337193,117.05313265481463,117.14525101030185,117.48618980329012,117.81829533780858,118.84849963904001,120.89474523025248,121.05184104266726,122.65145921004607,123.55447631881668,123.8522872894921,123.91840081796748,128.14517797109843,144.93971261858454,147.95313718240064
STORE_18,PROD_002,13,122,110.27307731266023,113.96918448519821,114.80768353405652,117.32553522556483,117.48838482738108,117.80931134673978,118.25508940183778,119.20882015049759,121.44590902715967,121.6094315061309,123.45016575504253,124.33197728044931,124.69397602246171,124.89898649819479,129.60707519747095,146.6386302398251,149.6842783954176
STORE_18,PROD_003,11,85,70.90132725743752,72.99606649616969,73.57848827943793,75.2176024324639,75.2425418423277,75.65021543158744,75.99083302752621,76.48475803532389,77.21861258002956,77.27052516977216,79.25280128675153,79.4717250272444,80.27154398117581,81.10087456192254,84.93999786299628,96.85993798968205,98.09627024751187
STORE_18,PROD_003,12,51,75.4510099634617,77.53918727392633,78.3449103946908,80.14077023714079,80.25684132675042,80.45095637861782,80.51670860082639,81.30208890193279,81.47721231459671,81.53116400395477,82.76836339045312,83.09458740712238,83.68981832637935,84.05549579425114,86.55472241451758,98.57661396025341,99.82741146052884
STORE_18,PROD_003,13,68,62.72924354021476,64.47546587831081,64.93192307907856,66.34960880720466,66.37158464694963,66.79692761721408,67.13086937774368,67.5531366762113,68.28771424460038,68.3606290858822,70.28306264614439,70.46728652620948,71.24255039867359,72.08443684519807,75.64699407176344,86.51596263417844,87.36319472680665
STORE_18,PROD_004,11,73,60.286586115112456,62.214088719714226,62.76153219305131,63.847473192504125,63.87469534280592,64.32462355548114,64.62233489097245,65.08273792677136,67.71264214817978,67.73678425816628,68.82942837279192,69.76962586123443,70.06739417140523,71.12392771279644,75.18449074224554,82.86222757296252,83.79973545445411
STORE_18,PROD_004,12,80,67.86934928666037,70.04937928913343,70.81944388234874,72.12355766813448,72.18087654414074,72.50472660367932,72.6342160345499,73.32131973988281,75.76926390145805,75.77758400282548,76.37715782594648,77.46951860769056,77.61548633455827,78.39726844204141,81.84546524222885,90.1330206676338,90.95336312642222
STORE_18,PROD_004,13,89,71.14844234903273,73.33259583729128,74.17998119329108,75.56151001739893,75.63908891099443,75.92331226362441,76.01169696375567,76.7671933739765,79.20744300339909,79.20746183920733,79.678911674913,80.82935665745217,80.93251409659712,81.64870747898324,85.0009835050026,93.59530309366775,94.45622530818858
STORE_18,PROD_005,11,90,110.88016651878189,114.6910008903503,115.07894383418468,116.09831965141056,116.42622520830349,116.96406747801907,117.14194038503277,117.94400602344538,119.52304688560278,119.54025012190677,121.2345060638211,121.38708966948828,122.06779581489863,124.57362617014361,130.48185743529666,150.6949944328216,153.83901730665835
STORE_18,PROD_005,12,102,101.20495914542406,104.68980657195382,104.99451371326899,105.89199521868154,106.24289007790175,106.68820040667222,106.92627841487698,107.64439698357317,109.17763968927302,109.18214660542046,110.87993529652273,111.01003675439135,111.68445930447295,114.06814401559502,119.61247587559264,138.27179162094626,141.02857233033276
STORE_18,PROD_005,13,90,101.02609103847149,104.48434991747823,104.91148159740405,105.94596467003677,106.136486318585,106.61806075898484,106.62580648718985,107.51249055558243,108.63777688922667,108.65137880289667,109.81536830344481,110.0114851819939,110.53779740899427,112.56730794848795,117.05000148412228,135.20393532713032,137.91251814690222
STORE_18,PROD_006,11,118,129.32607390033849,132.32936772498084,132.91313161859958,136.1492666327027,136.39110899019678,136.8037527442347,137.4129580138091,138.38212003622493,139.23512635619326,139.58827281458153,141.43272450037566,141.7209684273555,142.32335867591596,143.0132455059669,151.71801047949668,171.76743567578944,175.30516834806878
STORE_18,PROD_006,12,108,120.67536377050487,123.73617479004864,124.25156943212102,127.26484097160872,127.52123147879992,127.87469225366864,128.48966805572056,129.39442088613185,130.24195895499693,130.55741543211374,132.372234274301,132.6384874008074,133.2336602786158,133.92795853495426,142.13262724298932,160.7965782345198,164.22586458476016
STORE_18,PROD_006,13,105,114.41976763000804,117.36181902313207,117.80032512320349,120.62547026351339,120.92662662110669,121.22546594821337,121.89896811814319,122.71823130104075,123.64345384273729,123.93379739079312,125.83856075065793,126.07472175360877,126.69563654769836,127.46093150445296,135.52561964678017,153.38532653282127,156.60884324748548
STORE_18,PROD_007,11,123,144.14726314904186,148.22643746908517,149.29856717313456,151.73367218359365,151.92511248877128,151.94429859860512,152.1276484914462,152.59174324814254,154.63541154855963,156.25981003593682,156.93780448668238,157.88570377262957,158.06784471923848,159.514540387961,164.8382853414908,192.02232632777427,196.7713193894792
STORE_18,PROD_007,12,130,136.5948901587827,140.23754146188563,141.05642880702774,143.16698366456183,143.49248367880827,143.80035864964665,143.9048147111284,144.2492517757038,146.8077694854475,148.37883593108126,149.83020416735596,150.64435972165927,151.04526356736926,152.93352238489177,159.50123926647782,186.24251701022808,190.53921102261813
STORE_18,PROD_007,13,143,134.89705286684887,138.42400532726126,139.3134175128458,141.48559284573145,141.7312681707621,141.96487580739512,141.99706817680845,142.43992068213925,144.6796298428537,146.2054037504085,147.2798307325425,148.1243684327609,148.4228989840501,150.05373111587807,155.79134613709536,181.89903903099855,186.038243868774
STORE_18,PROD_008,11,82,101.83323929690107,103.72899543538819,104.96725544290967,105.73191954390151,106.00686822602779,106.07213955146294,106.13715084743227,106.67109328967084,108.92355760022019,109.1806799839409,110.14093342139417,113.09957837586326,113.12154236990096,114.27783387228428,119.75660310946567,135.5365764836436,138.2587463895056
STORE_18,PROD_008,12,100,93.48246852208044,95.0764809169398,96.01860213583792,96.62745439887588,96.80758244666914,97.01302390941164,97.43033646544437,97.64558738166383,100.39637831794481,100.63407160036084,102.38902880836194,105.11418870849876,105.33290307789592,106.96765014652306,113.64156638496522,128.99286344626427,131.3341815374377
STORE_18,PROD_008,13,103,98.04572212929122,99.7091048788962,100.83182588827044,101.5330913077521,101.81825680051799,101.84681133656377,102.07060887410306,102.49454496859997,104.89208179288522,105.13725266091633,106.35985088948173,109.22368080338153,109.28545499709453,110.6071261279969,116.42035059882922,131.99154124695545,134.45023572086825
STORE_19,PROD_001,11,45,49.89185817822143,51.28035312571149,51.407655871455546,52.70756768045605,52.77206583197365,52.83807503082452,53.02875812424323,53.893452261821515,54.51967124960625,54.66156773768577,55.23576122207038,55.4145996396472,55.621025223568516,55.74639033582588,57.53449203478566,65.8584981208401,66.30633691802862
STORE_19,PROD_001,12,57,50.22276714680094,51.862765212464446,51.90643966227477,53.14460593186747,53.29048256160746,53.3885345098825,53.729045883539975,54.48033655584131,55.41243131108997,55.547014399230676,56.50621787957342,56.64003064557208,56.94758229950638,57.29621453136893,59.87534173429463,68.39517687330016,69.07872387367928
STORE_19,PROD_001,13,39,52.90774604177216,54.54263365149227,54.69750352293768,56.0835247559704,56.16343668356273,56.206172280683816,56.41359279111281,57.319168370190134,57.98311772710687,58.118134652561444,58.700929053594564,58.888893048742226,59.089803981275914,59.202094887342646,61.13309648413413,69.76889119513795,70.46491735150461
STORE_19,PROD_002,11,84,83.3710468313451,85.94897744323441,86.36622089201965,88.11830315213346,88.48822697050038,88.56774275640812,89.26976844931981,89.85487136571908,92.08613391148738,92.17328488894852,94.32031602445376,94.93375195061815,95.46031008652291,96.01088037006978,100.5540018643078,114.3461225982749,116.20930211974061
STORE_19,PROD_002,12,66,81.76249950990231,84.3362790705439,84.88054597466146,86.73415170586114,86.91060650652089,87.04083196767708,87.43149236299047,88.2214172799339,89.9191452891673,89.98592275537659,91.46698460691688,92.13409917082835,92.48358520767292,92.65616776370052,95.85592810902392,108.85677677020297,110.66452820843928
STORE_19,PROD_002,13,90,72.5419337939208,74.98624655826632,75.36344615913929,76.93405916787667,77.21915936623648,77.2555319601352,77.8022041818543,78.41738542199383,80.21911539772913,80.25852606267733,81.98679535101645,82.55151740270364,82.98533757741981,83.37078288042584,86.81575203561026,98.67176663734092,100.26807712474928
STORE_19,PROD_003,11,93,89.23667311395752,92.40811374003175,93.25375748604337,95.37897165489437,95.42892012193946,95.8024867158859,96.17264546101916,96.82245170375818,97.61256592512258,97.62200137247602,99.79408124950494,100.08236614380245,100.97595708834032,101.7746512053911,106.29909593832224,120.37373016637464,122.79372113941095
STORE_19,PROD_003,12,76,89.11784687983175,92.3426889852676,93.25211688601728,95.43057610918933,95.4397358587207,95.76785747015916,96.02288977954605,96.7767364988801,97.34136193035013,97.3449869842842,99.20096590566511,99.52575665219632,100.32882017092395,100.93910111930752,104.84698111363976,118.61266215052355,121.06097929212929
STORE_19,PROD_003,13,84,83.98957276679468,86.91752735244778,87.65617300239218,89.61284345219529,89.68464101033464,90.08452376247044,90.49783834628217,91.05801969805145,91.95127552738035,91.95375831431349,94.2280037520884,94.47904879356342,95.39258926928007,96.27854072744546,100.87935678927829,114.39947819626062,116.55585048919696
STORE_19,PROD_004,11,48,51.96584830028621,53.82687611071183,54.345034355220626,55.28972629637847,55.372925968400466,55.68514251104187,55.76152917584488,56.34586212074213,58.255231710478085,58.31183444464364,58.873634612996646,59.725180522415926,59.91679636530229,60.57596781237855,63.08460643276629,69.42527224313562,70.20532301924645
STORE_19,PROD_004,12,48,50.00802535343403,51.81099336845858,52.26677603555546,53.16146343462191,53.218010995717115,53.577695068851,53.707152452597505,54.22421820364393,56.20273016079297,56.26302411691629,56.977504918921234,57.78809099476004,58.0253166512251,58.7720401656795,61.49206816867057,67.69253039585395,68.49981058941172
STORE_19,PROD_004,13,39,50.4064181711198,52.25904710601218,52.716828568633524,53.62070671575378,53.67191703003087,54.03931284103649,54.17874268770779,54.69106732038237,56.705084822875754,56.76328870962348,57.502034369760956,58.31750477079124,58.560067065285885,59.32396598562879,62.1159839892961,68.38562713476662,69.16058897073943
STORE_19,PROD_005,11,197,167.44173108491077,172.93115222057332,173.94254263637566,175.8415761377541,175.8425825915631,176.47633574922082,176.97716073327126,178.0164662250893,179.3479331476294,179.50327330963083,180.4652515156193,180.82886169263105,181.39618208415143,184.09345119707717,190.66692254835777,219.38054001197798,224.67894175957295
STORE_19,PROD_005,12,203,177.09249489486663,182.71430541987564,183.77792704069853,185.76420115269664,185.77977170768804,186.48980911354903,186.99445101484625,188.07311050814917,189.53605098226453,189.7159039404093,190.78769654479794,191.15800419076115,191.7671642423491,194.65924068899363,201.82054377253598,232.3127019921097,237.84777979891362
STORE_19,PROD_005,13,198,185.97911741621175,191.82749150942098,192.91554547985567,194.95589858775304,195.01638867061962,195.8366247611646,196.29674138029503,197.42552416028875,199.088491905349,199.2929190110787,200.5691797002592,200.93276888545066,201.60981622845765,204.75166784705831,212.66556700478037,244.82437854612192,250.67006946879795
STORE_19,PROD_006,11,116,119.5078178395097,122.72243486911212,123.19332680741758,126.15245003309634,126.44812846629968,126.78546692798945,127.43669442151463,128.31815007013432,129.24940168822647,129.57899880439737,131.47285928687583,131.72134647673553,132.3703002756718,133.07298383852554,141.3309081319166,159.71539394812453,163.33988036580195
STORE_19,PROD_006,12,120,120.47683360274172,123.76009791112965,124.23699119196884,127.22109406455118,127.51786071560126,127.8614708419121,128.5163392473894,129.4026327219675,130.34133892377037,130.67585499074823,132.58232050569285,132.8323098494324,133.48490886218357,134.19216880117494,142.52862357544765,161.02476571666537,164.7260738436273
STORE_19,PROD_006,13,122,118.01157475375703,121.47005567260223,121.99677705143263,124.98068207565919,125.19325954454138,125.54881166786684,126.06526993532468,127.03144379652258,127.75697276378688,128.07364871593572,129.6832122088003,129.9630579523242,130.53257706805493,131.06728766456226,138.67561974494777,156.4392527081875,160.22094504069494
STORE_19,PROD_007,11,139,127.30299691684354,130.09532769037077,130.95632590441727,133.04815440108916,133.2272015001682,133.33457165908007,133.472457896343,133.9027970993585,135.83881423006056,137.2594726745026,138.0445419652543,138.8643316579734,139.12316326416803,140.4589851056866,145.22750496579772,169.9488577487343,173.3897830800356
STORE_19,PROD_007,12,108,137.57572496112454,141.20181804314203,142.15450244283815,144.4231034201453,144.6397470410963,144.74196302122093,144.87202009246374,145.32944927830826,147.4326149283496,148.9959011551819,149.82290737604754,150.70532573110006,150.9702895269205,152.4114820832356,157.69485666853194,183.94393439086187,188.29136296665794
STORE_19,PROD_007,13,117,129.00400494101206,132.17179164888802,132.8343027486207,134.73155029454344,135.10324471436377,135.45696189251498,135.65975981487648,135.89696759660458,138.59697248901833,140.10053760775676,141.82177171000257,142.55103851695512,143.0674637665559,145.02257698992932,151.75481201203547,177.49711661677688,181.36039557753128
STORE_19,PROD_008,11,85,106.7454588970447,108.71430678950324,109.82328777005662,110.56503572219476,110.73796777616373,110.93894890288743,111.41116249618592,111.65129014366457,114.7474968524242,115.06849023613638,116.94445365296843,120.04006171534054,120.2698917758575,122.02795632918188,129.60269495900224,146.75869600878715,149.82449395700496
STORE_19,PROD_008,12,96,96.90389603520899,98.63396817908914,99.6025795242865,100.24540262369067,100.4108978894113,100.63182416232466,101.07171894428802,101.29023810892502,104.16856399587924,104.43862344581522,106.25554049753599,109.07175189511759,109.3205696659849,110.98116748852134,117.91814673613035,133.6965447886154,136.30910754820795
STORE_19,PROD_008,13,77,94.32764262192674,96.16528816444118,97.22195677928248,97.89027655175,98.16119558493165,98.20985365402446,98.42133159178617,98.84504386085034,101.19087432953715,101.4319374995778,102.64259251040549,105.40107166592644,105.49840909602257,106.75574111219471,112.31496374975406,127.14536087726438,129.72468852853763
STORE_20,PROD_001,11,43,42.002048040634804,43.340046363928735,43.39287739268233,44.48218366291469,44.510243311108084,44.62789082694041,44.74266799495529,45.54635559789438,46.07998513209079,46.216381468815726,46.72180100139645,46.88014101165326,47.12548503750461,47.18253451972946,48.40140621470332,55.369224810576945,55.77590169523386
STORE_20,PROD_001,12,43,41.031027165972866,42.372674507506204,42.40951277488787,43.466378205569626,43.496908098218164,43.624797954924226,43.748433253717565,44.52846380172238,45.07778046119903,45.21607239550886,45.75424078564095,45.90565435903421,46.161342081176805,46.24433645479093,47.49357577764152,54.33617684893119,54.7324150646296
STORE_20,PROD_001,13,36,42.45509746748041,43.93318230709379,43.96270922654273,45.04314102734225,45.09901441579596,45.22381231384089,45.38744676679429,46.16113933981655,46.79666866424123,46.92934446414539,47.55703212586678,47.70224703591808,47.97965056233318,48.1035995310052,49.586375576594264,56.62772841853154,57.167217202706226
STORE_20,PROD_002,11,78,75.45188933353953,78.13118112128363,78.4587402579522,80.03846836587702,80.40194979172342,80.44065563107337,81.05513180580536,81.66884902438048,83.70750197555219,83.80505258354732,85.72482235946703,86.28150411415709,86.84373033037123,87.21130749193253,90.96996548732064,103.11844475593921,105.16760221050264
STORE_20,PROD_002,12,59,77.87919667362198,80.59146697498826,81.03281432444898,82.75452363472034,82.99404768328482,83.08758194217478,83.50836843949585,84.27431403797422,86.03750053975497,86.135611475867,87.67081217896154,88.28646005893428,88.74089566798284,88.8644246557856,91.93237711193557,104.1204589559073,106.2110888411069
STORE_20,PROD_002,13,45,70.9544875663785,73.2963366670449,73.56244491533192,75.01901235923759,75.4063122339221,75.40632569210129,76.0533690921878,76.60884538741226,78.61869004565655,78.69747028759699,80.6430750632552,81.15789715079487,81.73159748631187,82.15546004782767,85.84924485857678,97.55451549336829,99.2545113037451
STORE_20,PROD_003,11,102,98.78687342428603,102.16417130424475,103.21493809763655,105.65933095679041,105.6765460915384,105.94679762200671,106.0941573559782,107.06023491001199,107.48639140533884,107.564642220032,109.19292742208118,109.572168941105,110.42945019755096,110.72447418848961,114.24183673854527,129.00296872024873,131.95042572934557
STORE_20,PROD_003,12,106,99.6135493635995,103.12348384917172,104.08387179865078,106.46756750149056,106.54564940850372,106.88899421768174,107.21927578981871,108.02858906133163,108.81289679060451,108.90413158801965,111.03804209897261,111.36230783809374,112.36884723508224,112.95753633839627,117.47594094934645,132.6763364873153,135.77654337489454
STORE_20,PROD_003,13,126,104.28055001327803,108.17924316119195,109.18743284323236,111.67725146509062,111.7807395749243,112.12678098044573,112.50127714006041,113.31806864799628,114.17545686099797,114.28462792758306,116.55480636517176,116.88540039881576,117.94537666177173,118.58558260527954,123.47720142137557,139.22963738230263,142.73312091225634
STORE_20,PROD_004,11,33,51.84498502954799,53.77809431102885,54.20967792886077,55.147062741097876,55.15842257603185,55.5752075035062,55.741616733867176,56.25713673995604,58.46113067889495,58.48301256039959,59.34039646542146,60.160316394952545,60.47881596293655,61.22959673968846,64.17730880037256,70.73254340056174,71.32131891762566
STORE_20,PROD_004,12,46,44.661907840121295,46.14199586246952,46.4098444077342,47.146845788486246,47.16868959882618,47.634942247187716,47.87702399166425,48.24963720699509,50.41274627821085,50.45932503759042,51.55362324754378,52.24423041097496,52.639187233586696,53.5175128708588,56.586677523781404,62.38465035572758,63.26249927010827
STORE_20,PROD_004,13,36,46.390878727577736,47.85792041507639,48.24924387726494,49.062025255878005,49.12962045717156,49.46911720063813,49.537222705872715,50.08354978171501,51.886376584393126,51.93746772850611,52.55717147389047,53.30767483968402,53.57194855742314,54.15926620036619,56.34476808863125,62.03682147885949,62.91963456750544
STORE_20,PROD_005,11,127,132.81801212727188,137.69168892087126,138.1029401609995,139.27082000960274,139.70926653676133,140.4247527960546,140.58537048221908,141.54561147303681,143.58134359705716,143.74795794986238,145.72877197795128,145.86687184702626,146.82572399915455,149.5680833067653,156.60907532463577,180.05417844513545,184.82041501329522
STORE_20,PROD_005,12,131,129.51332669952595,134.27612017798742,134.74442441948605,135.96482523444178,136.30218854706106,137.01678233438057,137.03498724596636,138.08224217134787,139.8357428118513,139.98604509989912,141.6217800848702,141.79717918385435,142.64986387534583,145.1258027678857,151.3545551218185,173.95631941635827,178.5594952296696
STORE_20,PROD_005,13,127,126.15115173042568,131.08348112075896,131.60779388535187,132.8802801648231,133.11970389055628,133.71426978711554,133.83444558942645,134.84663490957695,136.32779202752576,136.4626316636182,137.7646138920335,137.9763048200282,138.72653685763478,140.94602348475217,146.39316562332556,167.9707686224577,172.64640432291208
STORE_20,PROD_006,11,138,149.89231357461202,154.35188085421404,154.9108515559787,158.5682212327543,158.97153940711868,159.49012898979913,160.24909036749273,161.32543668449327,162.63288360322707,163.19589097986633,165.51301128035968,165.77741735502158,166.7069076332959,167.36222849142604,177.80389142575385,200.01699263907074,205.6901476253806
STORE_20,PROD_006,12,122,143.00241884958592,147.51066922907694,148.0298546793195,151.52149874097864,151.92003970317512,152.39593461290497,153.1400245656337,154.1761647582564,155.4415438483185,155.96896737292613,158.21984115874358,158.4733568098138,159.37661073747594,160.02110124814803,169.9924281983564,191.08242708870068,196.64659682681028
STORE_20,PROD_006,13,152,136.85456699518403,140.88634280597358,141.27236377386015,144.52131424062716,145.03744984055754,145.43361456519824,146.35687057364385,147.2200975913503,148.73841015943339,149.24261284517937,151.82931865349693,152.02272224610715,153.01374735760854,153.88704668317752,164.22464170111397,184.97787556225686,190.03784816631656
STORE_20,PROD_007,11,129,118.90494966092868,122.37372373359524,122.95668974258999,124.73372968192571,125.05788111726854,125.388369909006,125.45251657967722,125.83533245129198,128.23620367720716,129.65766906935264,131.03581188161465,131.72148302764236,132.2768160402981,133.7650918770161,139.19852031031684,162.16282841958943,166.38548453928647
STORE_20,PROD_007,12,120,123.2224961000475,126.69117162821212,127.49221618774355,129.53084826678537,129.71245914783898,129.72291491396686,129.9438007252942,130.39765582483346,132.24233898299707,133.67202868662565,134.27856344241687,135.07516687446585,135.41629058724618,136.4351714480186,140.48185391133123,163.5274833677832,167.7768000467588
STORE_20,PROD_007,13,126,121.45391436867493,124.9056761802242,125.62158920973759,127.55735142723009,127.79356790710666,127.95246621993522,128.0633365720364,128.51421127358444,130.57183334925185,131.9967717506884,132.90085685658914,133.65397290421154,134.07763817999097,135.27684545286144,139.8538324077123,162.85874421759584,167.08114229302262
STORE_20,PROD_008,11,161,136.1060761906768,138.54987928870847,140.2810511092909,141.445825738579,141.62129386398794,141.65013599776256,141.83796299398128,142.503447479215,145.2181166306321,145.72396407372727,146.38914862488295,150.25007042696987,150.29932209038574,151.2164977179967,157.56116613601216,177.6067452518319,182.0377839983505
STORE_20,PROD_008,12,188,145.98334268789435,148.75824005171347,150.52456307619744,151.7501743859367,151.97021659444002,152.05754753483706,152.20968381833816,152.91814558160362,156.25288865013187,156.83026518808217,158.03813024732142,162.2191998236373,162.29078936549695,163.6484454293056,171.61282192898062,193.34213793781325,198.38574121115073
STORE_20,PROD_008,13,134,164.22684744205617,167.34145191078647,169.41608774698236,170.85004821010702,171.01324978423955,171.20196135303647,171.2165659458257,172.059975174175,175.57497814432097,176.24741890816532,177.27575262750915,181.9509350457948,181.97236384811768,183.2790925917813,191.79127492535036,215.87815580553396,221.69027596131275
